streams,bpm,danceability,valence,energy,acousticness,instrumentalness,liveness,speechiness,key_a,key_a#,key_b,key_c#,key_d,key_d#,key_e,key_f,key_f#,key_g,key_g#,mode_major,mode_minor
1.0,96.0,83.0,93.0,65.0,58.0,0.0,9.0,8.0,0.0,0.0,0.0,1.0,0.0,0.0,0.0,0.0,0.0,0.0,0.0,0.0,1.0
0.7882277529176079,90.0,76.0,91.0,50.0,54.0,0.0,7.0,5.0,0.0,0.0,0.0,0.0,1.0,0.0,0.0,0.0,0.0,0.0,0.0,1.0,0.0
0.761793194938801,104.0,77.0,36.0,63.0,1.0,0.0,36.0,5.0,0.0,0.0,0.0,1.0,0.0,0.0,0.0,0.0,0.0,0.0,0.0,1.0,0.0
0.7481573023962014,170.0,59.0,48.0,76.0,4.0,0.0,10.0,5.0,0.0,0.0,0.0,1.0,0.0,0.0,0.0,0.0,0.0,0.0,0.0,1.0,0.0
0.7281424347952118,125.0,77.0,74.0,78.0,4.0,0.0,23.0,11.0,0.0,1.0,0.0,0.0,0.0,0.0,0.0,0.0,0.0,0.0,0.0,0.0,1.0
0.7273520245518412,95.0,75.0,64.0,52.0,41.0,0.0,11.0,3.0,0.0,0.0,0.0,0.0,0.0,0.0,0.0,0.0,0.0,0.0,1.0,1.0,0.0
0.7201395966592754,186.0,68.0,49.0,59.0,16.0,0.0,13.0,28.0,0.0,0.0,0.0,0.0,0.0,0.0,0.0,0.0,0.0,1.0,0.0,1.0,0.0
0.7184552318240633,95.0,60.0,17.0,45.0,16.0,0.0,11.0,2.0,0.0,0.0,0.0,0.0,0.0,0.0,0.0,0.0,0.0,0.0,1.0,1.0,0.0
0.6974825178776154,117.0,76.0,77.0,52.0,4.0,0.0,8.0,3.0,1.0,0.0,0.0,0.0,0.0,0.0,0.0,0.0,0.0,0.0,0.0,0.0,1.0
0.67941912501059,99.0,40.0,45.0,56.0,69.0,0.0,9.0,5.0,0.0,1.0,0.0,0.0,0.0,0.0,0.0,0.0,0.0,0.0,0.0,1.0,0.0
0.6612462976174798,115.0,35.0,12.0,30.0,93.0,0.0,10.0,3.0,0.0,0.0,0.0,0.0,0.0,0.0,1.0,0.0,0.0,0.0,0.0,0.0,1.0
0.6464574381750128,124.0,79.0,68.0,79.0,1.0,0.0,10.0,8.0,0.0,0.0,1.0,0.0,0.0,0.0,0.0,0.0,0.0,0.0,0.0,0.0,1.0
0.6424325409219529,84.0,44.0,22.0,48.0,38.0,0.0,33.0,24.0,0.0,0.0,1.0,0.0,0.0,0.0,0.0,0.0,0.0,0.0,0.0,0.0,1.0
0.6401507373699575,79.0,78.0,58.0,45.0,47.0,0.0,18.0,3.0,0.0,0.0,0.0,0.0,1.0,0.0,0.0,0.0,0.0,0.0,0.0,1.0,0.0
0.6278285890991685,108.0,61.0,20.0,38.0,61.0,0.0,10.0,5.0,0.0,0.0,0.0,0.0,0.0,0.0,1.0,0.0,0.0,0.0,0.0,1.0,0.0
0.618681409367297,103.0,61.0,47.0,65.0,3.0,0.0,17.0,4.0,0.0,0.0,1.0,0.0,0.0,0.0,0.0,0.0,0.0,0.0,0.0,0.0,1.0
0.6061246305420899,96.0,57.0,30.0,40.0,38.0,0.0,26.0,3.0,0.0,0.0,0.0,0.0,0.0,0.0,0.0,0.0,0.0,1.0,0.0,1.0,0.0
0.5993350272418245,129.0,57.0,41.0,66.0,63.0,0.0,12.0,5.0,0.0,0.0,0.0,0.0,0.0,0.0,1.0,0.0,0.0,0.0,0.0,0.0,1.0
0.5960091080245348,100.0,61.0,53.0,38.0,84.0,0.0,28.0,44.0,0.0,0.0,0.0,0.0,0.0,0.0,1.0,0.0,0.0,0.0,0.0,1.0,0.0
0.5855711864219635,120.0,42.0,33.0,26.0,92.0,0.0,13.0,3.0,0.0,0.0,0.0,0.0,0.0,0.0,0.0,0.0,0.0,0.0,1.0,1.0,0.0
0.5646142314514776,122.0,66.0,48.0,71.0,6.0,0.0,12.0,4.0,0.0,0.0,0.0,1.0,0.0,0.0,0.0,0.0,0.0,0.0,0.0,0.0,1.0
0.5639491135160307,102.0,48.0,50.0,73.0,43.0,0.0,15.0,4.0,0.0,0.0,0.0,1.0,0.0,0.0,0.0,0.0,0.0,0.0,0.0,1.0,0.0
0.5531642903744746,124.0,53.0,66.0,78.0,0.0,0.0,16.0,5.0,0.0,0.0,0.0,0.0,1.0,0.0,0.0,0.0,0.0,0.0,0.0,1.0,0.0
0.5483532663373648,146.0,63.0,88.0,93.0,3.0,0.0,10.0,8.0,0.0,0.0,0.0,0.0,1.0,0.0,0.0,0.0,0.0,0.0,0.0,1.0,0.0
0.5416828700819423,150.0,91.0,42.0,60.0,0.0,0.0,9.0,12.0,0.0,0.0,0.0,1.0,0.0,0.0,0.0,0.0,0.0,0.0,0.0,0.0,1.0
0.5165868375625389,180.0,33.0,38.0,71.0,20.0,0.0,28.0,5.0,0.0,0.0,0.0,0.0,0.0,1.0,0.0,0.0,0.0,0.0,0.0,1.0,0.0
0.5136755282955431,171.0,70.0,6.0,73.0,1.0,0.0,36.0,26.0,0.0,0.0,0.0,0.0,1.0,0.0,0.0,0.0,0.0,0.0,0.0,1.0,0.0
0.5071141292379208,148.0,35.0,24.0,93.0,0.0,0.0,10.0,8.0,0.0,0.0,0.0,1.0,0.0,0.0,0.0,0.0,0.0,0.0,0.0,1.0,0.0
0.5059623101142764,103.0,70.0,92.0,83.0,1.0,0.0,7.0,6.0,0.0,0.0,0.0,0.0,0.0,0.0,0.0,0.0,1.0,0.0,0.0,0.0,1.0
0.502730422934222,100.0,70.0,47.0,52.0,30.0,0.0,6.0,33.0,0.0,1.0,0.0,0.0,0.0,0.0,0.0,0.0,0.0,0.0,0.0,0.0,1.0
0.5019798000209923,85.0,55.0,42.0,53.0,17.0,0.0,22.0,3.0,0.0,0.0,0.0,0.0,0.0,0.0,0.0,1.0,0.0,0.0,0.0,1.0,0.0
0.49497279824807117,110.0,73.0,14.0,57.0,40.0,0.0,11.0,5.0,0.0,0.0,0.0,0.0,0.0,0.0,1.0,0.0,0.0,0.0,0.0,0.0,1.0
0.49390734696944105,91.0,77.0,60.0,32.0,84.0,0.0,8.0,5.0,0.0,0.0,1.0,0.0,0.0,0.0,0.0,0.0,0.0,0.0,0.0,1.0,0.0
0.4926853040951054,173.0,43.0,28.0,66.0,0.0,0.0,23.0,3.0,0.0,0.0,1.0,0.0,0.0,0.0,0.0,0.0,0.0,0.0,0.0,1.0,0.0
0.48125429978193923,122.0,86.0,97.0,80.0,36.0,0.0,9.0,6.0,0.0,0.0,0.0,0.0,1.0,0.0,0.0,0.0,0.0,0.0,0.0,1.0,0.0
0.47598306856655603,171.0,55.0,10.0,85.0,7.0,0.0,8.0,20.0,0.0,0.0,0.0,1.0,0.0,0.0,0.0,0.0,0.0,0.0,0.0,1.0,0.0
0.4744338673639026,117.0,52.0,73.0,91.0,0.0,0.0,11.0,7.0,0.0,0.0,0.0,1.0,0.0,0.0,0.0,0.0,0.0,0.0,0.0,1.0,0.0
0.4737240088923403,112.0,92.0,67.0,66.0,0.0,0.0,36.0,9.0,0.0,0.0,0.0,0.0,0.0,0.0,0.0,0.0,0.0,1.0,0.0,1.0,0.0
0.46258768103687137,134.0,59.0,51.0,52.0,9.0,0.0,15.0,7.0,0.0,0.0,0.0,1.0,0.0,0.0,0.0,0.0,0.0,0.0,0.0,0.0,1.0
0.4607452509387563,109.0,63.0,46.0,85.0,1.0,0.0,9.0,5.0,0.0,0.0,0.0,0.0,0.0,0.0,0.0,1.0,0.0,0.0,0.0,1.0,0.0
0.45590008806769905,105.0,55.0,40.0,90.0,1.0,0.0,32.0,6.0,0.0,0.0,0.0,0.0,0.0,1.0,0.0,0.0,0.0,0.0,0.0,0.0,1.0
0.45140855704389216,146.0,56.0,21.0,44.0,73.0,0.0,11.0,2.0,0.0,0.0,0.0,0.0,0.0,0.0,0.0,1.0,0.0,0.0,0.0,1.0,0.0
0.4513751328683608,112.0,45.0,19.0,60.0,63.0,0.0,9.0,6.0,0.0,0.0,0.0,0.0,0.0,1.0,0.0,0.0,0.0,0.0,0.0,1.0,0.0
0.4510780741223768,82.0,68.0,50.0,49.0,56.0,0.0,8.0,4.0,0.0,0.0,0.0,0.0,0.0,0.0,0.0,1.0,0.0,0.0,0.0,1.0,0.0
0.45058335786881615,116.0,80.0,92.0,80.0,4.0,0.0,10.0,3.0,0.0,0.0,0.0,1.0,0.0,0.0,0.0,0.0,0.0,0.0,0.0,1.0,0.0
0.4472279526761438,117.0,82.0,73.0,45.0,54.0,0.0,7.0,3.0,0.0,0.0,0.0,1.0,0.0,0.0,0.0,0.0,0.0,0.0,0.0,1.0,0.0
0.44712663510898276,138.0,49.0,42.0,62.0,9.0,0.0,11.0,3.0,0.0,0.0,0.0,0.0,0.0,0.0,0.0,1.0,0.0,0.0,0.0,0.0,1.0
0.4422304732477463,111.0,77.0,74.0,66.0,30.0,0.0,13.0,3.0,0.0,0.0,0.0,0.0,0.0,0.0,0.0,0.0,0.0,0.0,1.0,1.0,0.0
0.43606380086119245,125.0,45.0,67.0,90.0,9.0,11.0,10.0,5.0,0.0,0.0,0.0,0.0,0.0,0.0,0.0,0.0,1.0,0.0,0.0,1.0,0.0
0.4158119636450692,144.0,73.0,87.0,70.0,6.0,0.0,28.0,5.0,0.0,0.0,0.0,0.0,0.0,0.0,0.0,1.0,0.0,0.0,0.0,1.0,0.0
0.4151846226770073,84.0,57.0,86.0,90.0,2.0,0.0,9.0,5.0,0.0,0.0,0.0,0.0,0.0,0.0,0.0,0.0,1.0,0.0,0.0,0.0,1.0
0.41341196019449855,105.0,73.0,52.0,76.0,13.0,0.0,5.0,3.0,0.0,0.0,0.0,0.0,0.0,0.0,0.0,0.0,0.0,0.0,1.0,1.0,0.0
0.40871912342453104,126.0,53.0,66.0,85.0,2.0,0.0,24.0,4.0,0.0,0.0,0.0,0.0,0.0,0.0,0.0,0.0,1.0,0.0,0.0,1.0,0.0
0.4069557804133791,134.0,45.0,17.0,60.0,21.0,0.0,33.0,4.0,0.0,0.0,0.0,1.0,0.0,0.0,0.0,0.0,0.0,0.0,0.0,1.0,0.0
0.4044178029767296,92.0,91.0,43.0,71.0,9.0,0.0,9.0,8.0,0.0,0.0,0.0,1.0,0.0,0.0,0.0,0.0,0.0,0.0,0.0,0.0,1.0
0.40397810250908067,99.0,68.0,57.0,77.0,2.0,0.0,10.0,5.0,0.0,0.0,0.0,0.0,0.0,0.0,0.0,0.0,0.0,0.0,1.0,1.0,0.0
0.4028373948361053,176.0,75.0,43.0,65.0,15.0,0.0,11.0,32.0,0.0,0.0,0.0,0.0,0.0,0.0,0.0,0.0,0.0,1.0,0.0,1.0,0.0
0.3998793992308964,104.0,95.0,78.0,66.0,3.0,0.0,4.0,6.0,0.0,0.0,0.0,0.0,0.0,0.0,0.0,1.0,0.0,0.0,0.0,0.0,1.0
0.3958090636252158,174.0,45.0,10.0,37.0,97.0,25.0,64.0,4.0,0.0,0.0,0.0,0.0,1.0,0.0,0.0,0.0,0.0,0.0,0.0,1.0,0.0
0.39469257518140854,142.0,60.0,13.0,37.0,58.0,0.0,13.0,3.0,0.0,0.0,0.0,0.0,0.0,0.0,0.0,1.0,0.0,0.0,0.0,1.0,0.0
0.385842117076606,150.0,65.0,51.0,55.0,73.0,0.0,14.0,3.0,0.0,0.0,0.0,1.0,0.0,0.0,0.0,0.0,0.0,0.0,0.0,0.0,1.0
0.3839415930526767,134.0,71.0,59.0,80.0,13.0,0.0,36.0,5.0,0.0,0.0,1.0,0.0,0.0,0.0,0.0,0.0,0.0,0.0,0.0,0.0,1.0
0.38214920925398504,110.0,50.0,24.0,86.0,0.0,0.0,64.0,4.0,1.0,0.0,0.0,0.0,0.0,0.0,0.0,0.0,0.0,0.0,0.0,1.0,0.0
0.38078503019600785,128.0,62.0,55.0,78.0,1.0,3.0,23.0,4.0,0.0,0.0,0.0,0.0,1.0,0.0,0.0,0.0,0.0,0.0,0.0,1.0,0.0
0.3806149218440686,96.0,75.0,57.0,68.0,9.0,0.0,13.0,6.0,0.0,0.0,0.0,0.0,0.0,0.0,0.0,1.0,0.0,0.0,0.0,1.0,0.0
0.3661182128533731,176.0,61.0,24.0,62.0,60.0,0.0,24.0,31.0,0.0,0.0,0.0,0.0,1.0,0.0,0.0,0.0,0.0,0.0,0.0,1.0,0.0
0.36541252247404227,92.0,47.0,25.0,43.0,62.0,0.0,32.0,3.0,0.0,0.0,0.0,0.0,0.0,0.0,0.0,1.0,0.0,0.0,0.0,1.0,0.0
0.3606807051014626,156.0,32.0,49.0,72.0,0.0,0.0,9.0,4.0,0.0,0.0,1.0,0.0,0.0,0.0,0.0,0.0,0.0,0.0,0.0,0.0,1.0
0.35684934863157597,92.0,53.0,12.0,34.0,1.0,0.0,12.0,4.0,0.0,0.0,0.0,0.0,0.0,0.0,0.0,0.0,0.0,1.0,0.0,1.0,0.0
0.3557378125516478,92.0,70.0,81.0,63.0,4.0,0.0,8.0,4.0,0.0,0.0,0.0,0.0,1.0,0.0,0.0,0.0,0.0,0.0,0.0,1.0,0.0
0.35488939736389197,107.0,65.0,19.0,72.0,10.0,0.0,13.0,25.0,0.0,0.0,0.0,0.0,0.0,0.0,0.0,1.0,0.0,0.0,0.0,0.0,1.0
0.35384622652979514,180.0,64.0,44.0,65.0,28.0,0.0,14.0,12.0,0.0,0.0,0.0,1.0,0.0,0.0,0.0,0.0,0.0,0.0,0.0,1.0,0.0
0.3528037571612843,181.0,44.0,22.0,60.0,61.0,0.0,42.0,9.0,1.0,0.0,0.0,0.0,0.0,0.0,0.0,0.0,0.0,0.0,0.0,1.0,0.0
0.3485030028823852,84.0,62.0,24.0,67.0,21.0,0.0,13.0,28.0,0.0,0.0,0.0,0.0,0.0,0.0,1.0,0.0,0.0,0.0,0.0,0.0,1.0
0.3466634423651768,128.0,73.0,60.0,77.0,3.0,0.0,11.0,4.0,0.0,0.0,0.0,1.0,0.0,0.0,0.0,0.0,0.0,0.0,0.0,1.0,0.0
0.3454481180097691,131.0,71.0,24.0,47.0,1.0,0.0,27.0,9.0,0.0,0.0,0.0,0.0,1.0,0.0,0.0,0.0,0.0,0.0,0.0,1.0,0.0
0.34342856490385476,77.0,73.0,54.0,74.0,23.0,0.0,41.0,23.0,0.0,0.0,0.0,0.0,0.0,0.0,0.0,0.0,0.0,1.0,0.0,1.0,0.0
0.34342856490385476,77.0,72.0,59.0,76.0,24.0,0.0,42.0,28.0,0.0,0.0,1.0,0.0,0.0,0.0,0.0,0.0,0.0,0.0,0.0,0.0,1.0
0.34079061893710155,125.0,84.0,85.0,68.0,58.0,0.0,22.0,4.0,0.0,0.0,0.0,0.0,0.0,0.0,0.0,0.0,0.0,1.0,0.0,0.0,1.0
0.33981270152511206,93.0,81.0,53.0,78.0,18.0,0.0,6.0,24.0,0.0,0.0,1.0,0.0,0.0,0.0,0.0,0.0,0.0,0.0,0.0,1.0,0.0
0.33850805048165605,112.0,64.0,54.0,81.0,36.0,0.0,11.0,6.0,0.0,0.0,0.0,0.0,0.0,0.0,0.0,0.0,0.0,1.0,0.0,1.0,0.0
0.33760169210318797,90.0,90.0,79.0,71.0,26.0,0.0,7.0,37.0,0.0,0.0,0.0,0.0,0.0,0.0,0.0,0.0,1.0,0.0,0.0,0.0,1.0
0.33706438434133357,146.0,59.0,23.0,46.0,66.0,0.0,15.0,6.0,1.0,0.0,0.0,0.0,0.0,0.0,0.0,0.0,0.0,0.0,0.0,0.0,1.0
0.33147506585080466,166.0,81.0,83.0,75.0,14.0,0.0,29.0,34.0,0.0,1.0,0.0,0.0,0.0,0.0,0.0,0.0,0.0,0.0,0.0,0.0,1.0
0.3312501300616564,124.0,64.0,8.0,37.0,79.0,0.0,9.0,5.0,0.0,0.0,0.0,0.0,0.0,0.0,1.0,0.0,0.0,0.0,0.0,1.0,0.0
0.32803552099792066,128.0,81.0,57.0,63.0,40.0,1.0,10.0,4.0,0.0,0.0,0.0,0.0,0.0,1.0,0.0,0.0,0.0,0.0,0.0,0.0,1.0
0.3266258241496433,108.0,61.0,47.0,68.0,0.0,0.0,13.0,3.0,0.0,0.0,0.0,0.0,1.0,0.0,0.0,0.0,0.0,0.0,0.0,0.0,1.0
0.32647788480492734,89.0,64.0,43.0,73.0,5.0,17.0,16.0,4.0,0.0,0.0,0.0,0.0,0.0,0.0,0.0,0.0,0.0,0.0,1.0,1.0,0.0
0.3210194700663116,110.0,79.0,70.0,36.0,0.0,0.0,6.0,11.0,0.0,0.0,0.0,0.0,0.0,0.0,0.0,0.0,0.0,0.0,1.0,1.0,0.0
0.3195672153935622,150.0,78.0,47.0,70.0,18.0,0.0,15.0,9.0,0.0,0.0,0.0,0.0,0.0,0.0,1.0,0.0,0.0,0.0,0.0,0.0,1.0
0.31827366625702574,80.0,65.0,27.0,69.0,8.0,0.0,53.0,4.0,0.0,0.0,0.0,0.0,0.0,1.0,0.0,0.0,0.0,0.0,0.0,0.0,1.0
0.3164778862870155,85.0,59.0,33.0,52.0,7.0,15.0,12.0,3.0,0.0,1.0,0.0,0.0,0.0,0.0,0.0,0.0,0.0,0.0,0.0,1.0,0.0
0.3150452370019628,89.0,52.0,28.0,48.0,54.0,1.0,19.0,3.0,0.0,0.0,0.0,0.0,0.0,1.0,0.0,0.0,0.0,0.0,0.0,1.0,0.0
0.31353823882086,117.0,61.0,45.0,69.0,2.0,0.0,9.0,3.0,0.0,0.0,0.0,1.0,0.0,0.0,0.0,0.0,0.0,0.0,0.0,1.0,0.0
0.31322532145094156,148.0,59.0,72.0,62.0,18.0,0.0,9.0,3.0,0.0,0.0,0.0,0.0,0.0,0.0,0.0,1.0,0.0,0.0,0.0,1.0,0.0
0.3126521409804198,160.0,65.0,95.0,80.0,5.0,0.0,41.0,16.0,0.0,0.0,0.0,0.0,0.0,0.0,0.0,0.0,0.0,1.0,0.0,1.0,0.0
0.3114154664153536,128.0,56.0,38.0,97.0,4.0,0.0,35.0,4.0,0.0,0.0,0.0,0.0,0.0,0.0,0.0,0.0,0.0,1.0,0.0,0.0,1.0
0.3069726705482121,144.0,74.0,37.0,53.0,7.0,0.0,21.0,10.0,0.0,0.0,0.0,0.0,0.0,0.0,1.0,0.0,0.0,0.0,0.0,0.0,1.0
0.3057928857123358,172.0,45.0,33.0,59.0,6.0,0.0,8.0,3.0,1.0,0.0,0.0,0.0,0.0,0.0,0.0,0.0,0.0,0.0,0.0,1.0,0.0
0.2991060402433058,120.0,65.0,80.0,86.0,9.0,0.0,19.0,10.0,0.0,0.0,1.0,0.0,0.0,0.0,0.0,0.0,0.0,0.0,0.0,0.0,1.0
0.29836957042984064,146.0,52.0,7.0,61.0,51.0,0.0,11.0,3.0,0.0,0.0,0.0,1.0,0.0,0.0,0.0,0.0,0.0,0.0,0.0,0.0,1.0
0.29819807149746397,120.0,80.0,24.0,62.0,41.0,2.0,11.0,23.0,0.0,0.0,0.0,0.0,0.0,0.0,0.0,0.0,0.0,0.0,1.0,0.0,1.0
0.29809164634014573,105.0,58.0,42.0,68.0,1.0,0.0,14.0,4.0,1.0,0.0,0.0,0.0,0.0,0.0,0.0,0.0,0.0,0.0,0.0,1.0,0.0
0.29402531882854377,98.0,80.0,23.0,48.0,14.0,0.0,6.0,5.0,0.0,0.0,0.0,0.0,0.0,0.0,0.0,0.0,0.0,1.0,0.0,0.0,1.0
0.29391900089805784,79.0,56.0,58.0,56.0,37.0,0.0,11.0,10.0,0.0,0.0,0.0,0.0,0.0,0.0,0.0,0.0,1.0,0.0,0.0,1.0,0.0
0.28767543396063217,108.0,63.0,20.0,55.0,72.0,0.0,6.0,6.0,0.0,1.0,0.0,0.0,0.0,0.0,0.0,0.0,0.0,0.0,0.0,0.0,1.0
0.28720633116575767,110.0,57.0,6.0,27.0,84.0,0.0,9.0,3.0,0.0,0.0,0.0,0.0,0.0,0.0,1.0,0.0,0.0,0.0,0.0,1.0,0.0
0.28694559059698244,140.0,75.0,18.0,25.0,78.0,0.0,11.0,26.0,0.0,0.0,1.0,0.0,0.0,0.0,0.0,0.0,0.0,0.0,0.0,0.0,1.0
0.28062708024405436,97.0,64.0,51.0,63.0,12.0,0.0,19.0,5.0,0.0,0.0,0.0,0.0,0.0,0.0,1.0,0.0,0.0,0.0,0.0,1.0,0.0
0.27747412408258937,170.0,44.0,27.0,32.0,89.0,0.0,14.0,5.0,0.0,0.0,0.0,0.0,0.0,0.0,0.0,0.0,0.0,0.0,1.0,1.0,0.0
0.2761048113294932,112.0,56.0,24.0,66.0,7.0,0.0,12.0,3.0,0.0,0.0,0.0,1.0,0.0,0.0,0.0,0.0,0.0,0.0,0.0,0.0,1.0
0.2729812330744831,121.0,67.0,26.0,64.0,52.0,0.0,17.0,10.0,0.0,0.0,0.0,0.0,0.0,0.0,0.0,0.0,1.0,0.0,0.0,0.0,1.0
0.2728844864019209,76.0,58.0,46.0,67.0,65.0,0.0,13.0,4.0,0.0,1.0,0.0,0.0,0.0,0.0,0.0,0.0,0.0,0.0,0.0,1.0,0.0
0.2685898827888563,102.0,74.0,45.0,89.0,5.0,0.0,26.0,13.0,0.0,0.0,0.0,0.0,0.0,0.0,0.0,0.0,0.0,1.0,0.0,1.0,0.0
0.26691725788828563,81.0,68.0,51.0,60.0,3.0,0.0,19.0,10.0,0.0,0.0,1.0,0.0,0.0,0.0,0.0,0.0,0.0,0.0,0.0,0.0,1.0
0.2621198794480275,116.0,79.0,87.0,81.0,4.0,0.0,10.0,4.0,0.0,0.0,0.0,0.0,0.0,0.0,0.0,0.0,1.0,0.0,0.0,0.0,1.0
0.25941891133165323,101.0,76.0,63.0,71.0,3.0,0.0,10.0,3.0,0.0,0.0,0.0,0.0,0.0,1.0,0.0,0.0,0.0,0.0,0.0,0.0,1.0
0.25846562717913973,88.0,74.0,55.0,85.0,1.0,0.0,5.0,22.0,0.0,0.0,0.0,1.0,0.0,0.0,0.0,0.0,0.0,0.0,0.0,0.0,1.0
0.2582546802811254,172.0,60.0,77.0,78.0,45.0,0.0,12.0,6.0,0.0,0.0,0.0,0.0,0.0,0.0,0.0,0.0,1.0,0.0,0.0,1.0,0.0
0.25793741208424303,80.0,78.0,53.0,74.0,4.0,0.0,45.0,21.0,0.0,0.0,0.0,0.0,0.0,0.0,0.0,0.0,1.0,0.0,0.0,0.0,1.0
0.2551547340339926,100.0,80.0,29.0,67.0,29.0,0.0,12.0,3.0,0.0,0.0,0.0,0.0,0.0,0.0,0.0,1.0,0.0,0.0,0.0,0.0,1.0
0.2523986642379613,107.0,80.0,82.0,80.0,43.0,0.0,14.0,4.0,0.0,0.0,1.0,0.0,0.0,0.0,0.0,0.0,0.0,0.0,0.0,1.0,0.0
0.24927269555440765,122.0,67.0,50.0,67.0,15.0,0.0,30.0,4.0,0.0,0.0,1.0,0.0,0.0,0.0,0.0,0.0,0.0,0.0,0.0,0.0,1.0
0.24923315046708425,88.0,79.0,66.0,65.0,5.0,0.0,25.0,14.0,0.0,1.0,0.0,0.0,0.0,0.0,0.0,0.0,0.0,0.0,0.0,0.0,1.0
0.24844364547642073,111.0,87.0,53.0,52.0,66.0,1.0,11.0,5.0,0.0,0.0,0.0,1.0,0.0,0.0,0.0,0.0,0.0,0.0,0.0,1.0,0.0
0.24780862600051365,206.0,43.0,50.0,55.0,50.0,0.0,15.0,10.0,0.0,0.0,0.0,0.0,0.0,0.0,0.0,0.0,0.0,1.0,0.0,1.0,0.0
0.2448067886558305,186.0,41.0,9.0,61.0,2.0,0.0,12.0,5.0,0.0,0.0,0.0,0.0,0.0,0.0,1.0,0.0,0.0,0.0,0.0,0.0,1.0
0.24298311342891535,90.0,75.0,19.0,46.0,21.0,4.0,34.0,8.0,0.0,0.0,1.0,0.0,0.0,0.0,0.0,0.0,0.0,0.0,0.0,1.0,0.0
0.24245441104139867,123.0,82.0,80.0,86.0,1.0,0.0,30.0,13.0,0.0,0.0,0.0,0.0,1.0,0.0,0.0,0.0,0.0,0.0,0.0,1.0,0.0
0.23889344723938302,133.0,75.0,96.0,61.0,0.0,0.0,18.0,4.0,0.0,0.0,0.0,1.0,0.0,0.0,0.0,0.0,0.0,0.0,0.0,1.0,0.0
0.23876372550891153,169.0,39.0,36.0,45.0,81.0,0.0,8.0,13.0,0.0,0.0,0.0,0.0,0.0,0.0,0.0,0.0,1.0,0.0,0.0,1.0,0.0
0.23689684348256035,98.0,71.0,17.0,61.0,36.0,0.0,8.0,5.0,0.0,0.0,0.0,1.0,0.0,0.0,0.0,0.0,0.0,0.0,0.0,0.0,1.0
0.23671482004010708,95.0,92.0,31.0,89.0,3.0,0.0,8.0,25.0,0.0,0.0,0.0,0.0,0.0,1.0,0.0,0.0,0.0,0.0,0.0,0.0,1.0
0.2362770679008425,94.0,37.0,17.0,47.0,2.0,46.0,11.0,3.0,0.0,0.0,0.0,0.0,0.0,0.0,0.0,1.0,0.0,0.0,0.0,1.0,0.0
0.23538928446582696,80.0,39.0,24.0,43.0,39.0,0.0,23.0,3.0,0.0,0.0,0.0,0.0,0.0,0.0,0.0,1.0,0.0,0.0,0.0,0.0,1.0
0.23524700709083296,114.0,77.0,65.0,72.0,2.0,0.0,7.0,5.0,0.0,0.0,0.0,0.0,0.0,0.0,0.0,1.0,0.0,0.0,0.0,0.0,1.0
0.23203118007624585,121.0,46.0,53.0,78.0,23.0,0.0,72.0,6.0,0.0,0.0,0.0,1.0,0.0,0.0,0.0,0.0,0.0,0.0,0.0,0.0,1.0
0.2314127546543794,180.0,35.0,41.0,94.0,0.0,63.0,5.0,5.0,1.0,0.0,0.0,0.0,0.0,0.0,0.0,0.0,0.0,0.0,0.0,1.0,0.0
0.2309113426184704,169.0,69.0,69.0,51.0,63.0,0.0,38.0,4.0,0.0,0.0,0.0,1.0,0.0,0.0,0.0,0.0,0.0,0.0,0.0,1.0,0.0
0.23080069379061496,123.0,91.0,49.0,61.0,3.0,0.0,17.0,22.0,0.0,1.0,0.0,0.0,0.0,0.0,0.0,0.0,0.0,0.0,0.0,0.0,1.0
0.2271704785775599,90.0,87.0,51.0,69.0,36.0,0.0,9.0,8.0,0.0,0.0,0.0,1.0,0.0,0.0,0.0,0.0,0.0,0.0,0.0,0.0,1.0
0.22668065995166808,93.0,35.0,38.0,23.0,91.0,0.0,29.0,3.0,0.0,0.0,0.0,0.0,0.0,0.0,1.0,0.0,0.0,0.0,0.0,1.0,0.0
0.22652737807213885,140.0,45.0,25.0,84.0,21.0,0.0,13.0,6.0,0.0,0.0,0.0,0.0,0.0,0.0,1.0,0.0,0.0,0.0,0.0,0.0,1.0
0.22635368379668572,160.0,54.0,54.0,55.0,67.0,0.0,42.0,11.0,1.0,0.0,0.0,0.0,0.0,0.0,0.0,0.0,0.0,0.0,0.0,1.0,0.0
0.22479405183725926,170.0,55.0,58.0,72.0,11.0,0.0,11.0,15.0,1.0,0.0,0.0,0.0,0.0,0.0,0.0,0.0,0.0,0.0,0.0,1.0,0.0
0.22382887785709799,81.0,79.0,44.0,54.0,41.0,0.0,13.0,24.0,0.0,0.0,0.0,0.0,0.0,0.0,0.0,0.0,1.0,0.0,0.0,1.0,0.0
0.22377097761325832,103.0,69.0,90.0,88.0,5.0,0.0,29.0,8.0,0.0,0.0,0.0,0.0,0.0,0.0,0.0,0.0,1.0,0.0,0.0,0.0,1.0
0.22067929765665853,95.0,60.0,48.0,79.0,0.0,0.0,12.0,4.0,0.0,0.0,0.0,0.0,1.0,0.0,0.0,0.0,0.0,0.0,0.0,1.0,0.0
0.2199844972568693,173.0,40.0,19.0,29.0,86.0,0.0,34.0,4.0,1.0,0.0,0.0,0.0,0.0,0.0,0.0,0.0,0.0,0.0,0.0,1.0,0.0
0.2196091477656058,130.0,92.0,78.0,62.0,18.0,0.0,6.0,10.0,0.0,0.0,0.0,0.0,0.0,0.0,0.0,0.0,0.0,1.0,0.0,1.0,0.0
0.2183168132115386,120.0,60.0,11.0,33.0,90.0,0.0,8.0,5.0,0.0,0.0,0.0,0.0,0.0,0.0,0.0,0.0,0.0,1.0,0.0,1.0,0.0
0.21769273171461898,170.0,64.0,14.0,70.0,9.0,0.0,9.0,8.0,0.0,0.0,0.0,0.0,0.0,0.0,1.0,0.0,0.0,0.0,0.0,0.0,1.0
0.21310800176676586,93.0,74.0,59.0,87.0,3.0,0.0,8.0,5.0,0.0,0.0,0.0,1.0,0.0,0.0,0.0,0.0,0.0,0.0,0.0,1.0,0.0
0.2124621717489966,95.0,76.0,96.0,70.0,18.0,0.0,33.0,4.0,0.0,0.0,0.0,0.0,0.0,0.0,0.0,0.0,0.0,0.0,1.0,1.0,0.0
0.210841570107482,94.0,51.0,14.0,59.0,65.0,18.0,25.0,3.0,0.0,0.0,0.0,1.0,0.0,0.0,0.0,0.0,0.0,0.0,0.0,0.0,1.0
0.20875291660632866,115.0,71.0,90.0,73.0,30.0,0.0,11.0,5.0,0.0,1.0,0.0,0.0,0.0,0.0,0.0,0.0,0.0,0.0,0.0,1.0,0.0
0.20390826937844128,202.0,34.0,25.0,51.0,69.0,0.0,18.0,4.0,0.0,1.0,0.0,0.0,0.0,0.0,0.0,0.0,0.0,0.0,0.0,1.0,0.0
0.20378076320133925,148.0,67.0,83.0,76.0,48.0,0.0,8.0,3.0,0.0,0.0,0.0,0.0,0.0,0.0,0.0,1.0,0.0,0.0,0.0,0.0,1.0
0.2031953274337048,109.0,84.0,72.0,74.0,10.0,0.0,34.0,7.0,0.0,1.0,0.0,0.0,0.0,0.0,0.0,0.0,0.0,0.0,0.0,0.0,1.0
0.2031953274337048,109.0,84.0,72.0,74.0,10.0,0.0,34.0,7.0,0.0,1.0,0.0,0.0,0.0,0.0,0.0,0.0,0.0,0.0,0.0,0.0,1.0
0.20295655994459022,130.0,57.0,24.0,37.0,11.0,18.0,16.0,3.0,0.0,0.0,0.0,0.0,0.0,0.0,0.0,0.0,0.0,1.0,0.0,1.0,0.0
0.20265670207302658,122.0,78.0,50.0,63.0,27.0,0.0,9.0,5.0,0.0,0.0,0.0,0.0,1.0,0.0,0.0,0.0,0.0,0.0,0.0,0.0,1.0
0.20233388502792327,102.0,89.0,77.0,82.0,3.0,0.0,17.0,11.0,0.0,0.0,0.0,0.0,0.0,0.0,0.0,0.0,0.0,0.0,1.0,1.0,0.0
0.2022240451731846,101.0,88.0,72.0,59.0,62.0,0.0,9.0,3.0,0.0,0.0,0.0,0.0,1.0,0.0,0.0,0.0,0.0,0.0,0.0,1.0,0.0
0.20114539152065616,94.0,84.0,90.0,70.0,9.0,0.0,14.0,8.0,0.0,0.0,0.0,0.0,0.0,0.0,1.0,0.0,0.0,0.0,0.0,0.0,1.0
0.19802354040360148,114.0,32.0,17.0,74.0,14.0,0.0,17.0,3.0,0.0,1.0,0.0,0.0,0.0,0.0,0.0,0.0,0.0,0.0,0.0,1.0,0.0
0.19765899696302397,105.0,54.0,59.0,83.0,0.0,44.0,20.0,4.0,0.0,0.0,0.0,0.0,0.0,0.0,1.0,0.0,0.0,0.0,0.0,0.0,1.0
0.19741497423633395,149.0,37.0,28.0,66.0,14.0,0.0,9.0,5.0,0.0,0.0,0.0,1.0,0.0,0.0,0.0,0.0,0.0,0.0,0.0,1.0,0.0
0.19595096671681148,109.0,66.0,16.0,57.0,10.0,1.0,12.0,3.0,0.0,0.0,0.0,0.0,0.0,0.0,0.0,1.0,0.0,0.0,0.0,0.0,1.0
0.19495144365951586,107.0,91.0,32.0,56.0,3.0,0.0,11.0,10.0,0.0,0.0,0.0,0.0,0.0,0.0,0.0,0.0,0.0,0.0,1.0,1.0,0.0
0.19276453809967076,101.0,66.0,18.0,68.0,9.0,0.0,12.0,4.0,0.0,0.0,0.0,0.0,1.0,0.0,0.0,0.0,0.0,0.0,0.0,1.0,0.0
0.1922868386321125,136.0,62.0,19.0,53.0,11.0,0.0,6.0,4.0,1.0,0.0,0.0,0.0,0.0,0.0,0.0,0.0,0.0,0.0,0.0,0.0,1.0
0.19218670813896638,160.0,71.0,40.0,50.0,16.0,0.0,16.0,22.0,0.0,0.0,0.0,0.0,0.0,0.0,0.0,0.0,0.0,0.0,1.0,1.0,0.0
0.1915689883931636,96.0,87.0,82.0,53.0,10.0,0.0,5.0,8.0,0.0,1.0,0.0,0.0,0.0,0.0,0.0,0.0,0.0,0.0,0.0,0.0,1.0
0.19131859521370276,132.0,56.0,20.0,55.0,45.0,1.0,32.0,3.0,0.0,0.0,0.0,0.0,0.0,0.0,0.0,0.0,1.0,0.0,0.0,1.0,0.0
0.19014155027601973,114.0,59.0,30.0,62.0,1.0,0.0,8.0,4.0,0.0,0.0,0.0,0.0,0.0,0.0,0.0,1.0,0.0,0.0,0.0,0.0,1.0
0.18948180041895085,134.0,93.0,61.0,74.0,9.0,0.0,17.0,8.0,0.0,0.0,0.0,0.0,0.0,0.0,0.0,0.0,0.0,0.0,1.0,1.0,0.0
0.18940698500197078,125.0,85.0,64.0,81.0,2.0,5.0,7.0,9.0,0.0,0.0,1.0,0.0,0.0,0.0,0.0,0.0,0.0,0.0,0.0,0.0,1.0
0.18921043260444292,98.0,90.0,40.0,59.0,0.0,0.0,10.0,29.0,0.0,0.0,0.0,1.0,0.0,0.0,0.0,0.0,0.0,0.0,0.0,0.0,1.0
0.1891341993792696,176.0,73.0,79.0,86.0,42.0,0.0,7.0,18.0,0.0,0.0,0.0,1.0,0.0,0.0,0.0,0.0,0.0,0.0,0.0,1.0,0.0
0.1888128343875782,129.0,83.0,44.0,62.0,2.0,0.0,8.0,6.0,0.0,0.0,0.0,0.0,0.0,0.0,0.0,0.0,0.0,0.0,1.0,1.0,0.0
0.18845065246359732,122.0,88.0,43.0,50.0,7.0,0.0,14.0,5.0,0.0,1.0,0.0,0.0,0.0,0.0,0.0,0.0,0.0,0.0,0.0,1.0,0.0
0.18687862738408786,164.0,70.0,71.0,58.0,24.0,0.0,7.0,13.0,0.0,1.0,0.0,0.0,0.0,0.0,0.0,0.0,0.0,0.0,0.0,0.0,1.0
0.18633590775488726,202.0,24.0,76.0,60.0,77.0,0.0,12.0,4.0,0.0,0.0,0.0,0.0,0.0,0.0,0.0,0.0,0.0,1.0,0.0,1.0,0.0
0.18414135484473207,118.0,75.0,46.0,76.0,3.0,0.0,9.0,4.0,0.0,0.0,0.0,0.0,0.0,0.0,0.0,0.0,0.0,1.0,0.0,0.0,1.0
0.18398779002110094,130.0,80.0,64.0,76.0,2.0,0.0,20.0,6.0,0.0,0.0,0.0,0.0,0.0,0.0,1.0,0.0,0.0,0.0,0.0,0.0,1.0
0.18321244963884106,131.0,77.0,84.0,71.0,35.0,0.0,15.0,4.0,0.0,1.0,0.0,0.0,0.0,0.0,0.0,0.0,0.0,0.0,0.0,1.0,0.0
0.18293968141944775,120.0,72.0,67.0,72.0,0.0,0.0,13.0,4.0,0.0,0.0,0.0,0.0,0.0,0.0,0.0,0.0,0.0,1.0,0.0,1.0,0.0
0.18157941193037086,140.0,58.0,4.0,60.0,7.0,41.0,8.0,3.0,0.0,0.0,0.0,0.0,0.0,0.0,0.0,0.0,0.0,0.0,1.0,1.0,0.0
0.1783584413962168,132.0,58.0,27.0,48.0,50.0,0.0,12.0,3.0,0.0,0.0,0.0,0.0,0.0,0.0,1.0,0.0,0.0,0.0,0.0,1.0,0.0
0.1766071684211585,162.0,67.0,88.0,54.0,51.0,0.0,9.0,4.0,0.0,0.0,0.0,0.0,0.0,0.0,0.0,0.0,1.0,0.0,0.0,0.0,1.0
0.17529978533906768,161.0,78.0,65.0,52.0,46.0,0.0,12.0,31.0,0.0,0.0,0.0,0.0,0.0,0.0,0.0,0.0,1.0,0.0,0.0,0.0,1.0
0.17518371650360917,103.0,37.0,17.0,27.0,75.0,5.0,10.0,3.0,0.0,0.0,0.0,1.0,0.0,0.0,0.0,0.0,0.0,0.0,0.0,1.0,0.0
0.17449854041376278,164.0,45.0,24.0,62.0,8.0,0.0,16.0,3.0,0.0,0.0,0.0,0.0,0.0,0.0,0.0,0.0,0.0,0.0,1.0,1.0,0.0
0.1737489080855883,180.0,72.0,61.0,63.0,67.0,0.0,9.0,28.0,0.0,0.0,0.0,0.0,0.0,0.0,1.0,0.0,0.0,0.0,0.0,0.0,1.0
0.17250392287962382,97.0,83.0,47.0,80.0,2.0,0.0,24.0,9.0,1.0,0.0,0.0,0.0,0.0,0.0,0.0,0.0,0.0,0.0,0.0,1.0,0.0
0.17170266055101105,90.0,59.0,52.0,48.0,38.0,5.0,10.0,11.0,0.0,0.0,0.0,0.0,0.0,0.0,0.0,1.0,0.0,0.0,0.0,0.0,1.0
0.17123812387886067,154.0,66.0,63.0,69.0,21.0,0.0,11.0,7.0,0.0,0.0,0.0,0.0,0.0,0.0,0.0,0.0,1.0,0.0,0.0,1.0,0.0
0.17102697880769563,101.0,74.0,43.0,69.0,12.0,0.0,12.0,7.0,0.0,0.0,0.0,0.0,0.0,0.0,0.0,1.0,0.0,0.0,0.0,1.0,0.0
0.17075768788149132,125.0,70.0,65.0,74.0,1.0,0.0,34.0,4.0,1.0,0.0,0.0,0.0,0.0,0.0,0.0,0.0,0.0,0.0,0.0,1.0,0.0
0.17072810197743774,114.0,80.0,42.0,68.0,2.0,0.0,66.0,4.0,0.0,0.0,1.0,0.0,0.0,0.0,0.0,0.0,0.0,0.0,0.0,0.0,1.0
0.17041796632979112,90.0,51.0,42.0,61.0,53.0,0.0,9.0,3.0,0.0,0.0,0.0,0.0,0.0,0.0,0.0,1.0,0.0,0.0,0.0,1.0,0.0
0.17020404964150074,174.0,70.0,57.0,64.0,23.0,0.0,8.0,32.0,0.0,0.0,0.0,0.0,0.0,0.0,0.0,1.0,0.0,0.0,0.0,1.0,0.0
0.16894150477860814,95.0,87.0,57.0,55.0,10.0,0.0,29.0,7.0,0.0,0.0,0.0,0.0,0.0,0.0,0.0,1.0,0.0,0.0,0.0,1.0,0.0
0.1686925327757227,101.0,34.0,32.0,57.0,78.0,0.0,20.0,3.0,0.0,1.0,0.0,0.0,0.0,0.0,0.0,0.0,0.0,0.0,0.0,1.0,0.0
0.16835383015962757,94.0,57.0,36.0,58.0,5.0,0.0,15.0,3.0,0.0,0.0,0.0,0.0,1.0,0.0,0.0,0.0,0.0,0.0,0.0,1.0,0.0
0.16733823037565226,92.0,85.0,92.0,54.0,16.0,0.0,29.0,7.0,0.0,0.0,0.0,0.0,1.0,0.0,0.0,0.0,0.0,0.0,0.0,1.0,0.0
0.1672676773656043,115.0,78.0,64.0,69.0,4.0,0.0,7.0,14.0,0.0,0.0,0.0,0.0,0.0,0.0,0.0,0.0,0.0,1.0,0.0,1.0,0.0
0.16686971424067165,146.0,85.0,22.0,37.0,13.0,0.0,7.0,30.0,0.0,0.0,0.0,0.0,0.0,0.0,0.0,1.0,0.0,0.0,0.0,0.0,1.0
0.1667110174061126,168.0,67.0,29.0,47.0,5.0,0.0,22.0,26.0,0.0,0.0,0.0,1.0,0.0,0.0,0.0,0.0,0.0,0.0,0.0,1.0,0.0
0.16531809004844703,91.0,57.0,30.0,89.0,10.0,0.0,33.0,8.0,0.0,0.0,0.0,0.0,0.0,0.0,0.0,0.0,0.0,0.0,1.0,1.0,0.0
0.16440304405097664,168.0,78.0,58.0,73.0,5.0,0.0,10.0,7.0,0.0,0.0,0.0,0.0,0.0,0.0,0.0,0.0,1.0,0.0,0.0,0.0,1.0
0.16360812438598182,110.0,51.0,48.0,82.0,0.0,0.0,5.0,3.0,0.0,0.0,1.0,0.0,0.0,0.0,0.0,0.0,0.0,0.0,0.0,0.0,1.0
0.1626345799761389,92.0,77.0,76.0,84.0,3.0,0.0,38.0,4.0,0.0,0.0,0.0,0.0,0.0,0.0,0.0,0.0,0.0,1.0,0.0,1.0,0.0
0.162301310560477,116.0,75.0,36.0,76.0,12.0,0.0,10.0,10.0,0.0,0.0,0.0,0.0,1.0,0.0,0.0,0.0,0.0,0.0,0.0,1.0,0.0
0.16101716089437382,153.0,56.0,42.0,52.0,5.0,0.0,36.0,24.0,0.0,0.0,1.0,0.0,0.0,0.0,0.0,0.0,0.0,0.0,0.0,0.0,1.0
0.1603865264906494,166.0,40.0,23.0,48.0,5.0,0.0,12.0,3.0,0.0,0.0,0.0,0.0,0.0,0.0,0.0,0.0,0.0,0.0,1.0,0.0,1.0
0.16014195247207824,122.0,67.0,49.0,64.0,10.0,0.0,10.0,3.0,0.0,0.0,0.0,0.0,0.0,0.0,0.0,1.0,0.0,0.0,0.0,1.0,0.0
0.159142579307789,120.0,77.0,51.0,79.0,20.0,0.0,26.0,6.0,0.0,0.0,1.0,0.0,0.0,0.0,0.0,0.0,0.0,0.0,0.0,0.0,1.0
0.15828592168887376,88.0,31.0,31.0,63.0,47.0,27.0,21.0,12.0,0.0,0.0,0.0,0.0,0.0,0.0,0.0,1.0,0.0,0.0,0.0,1.0,0.0
0.15725291803564548,134.0,71.0,14.0,61.0,1.0,0.0,23.0,33.0,0.0,0.0,0.0,1.0,0.0,0.0,0.0,0.0,0.0,0.0,0.0,1.0,0.0
0.15623188280564884,83.0,46.0,34.0,64.0,31.0,0.0,7.0,34.0,0.0,0.0,0.0,1.0,0.0,0.0,0.0,0.0,0.0,0.0,0.0,1.0,0.0
0.15575201746835807,145.0,57.0,23.0,66.0,4.0,6.0,15.0,4.0,0.0,0.0,1.0,0.0,0.0,0.0,0.0,0.0,0.0,0.0,0.0,1.0,0.0
0.15540348450961097,170.0,81.0,56.0,48.0,21.0,0.0,8.0,33.0,0.0,0.0,0.0,0.0,1.0,0.0,0.0,0.0,0.0,0.0,0.0,0.0,1.0
0.15331424490996082,92.0,81.0,40.0,73.0,15.0,0.0,9.0,8.0,0.0,0.0,0.0,0.0,0.0,0.0,1.0,0.0,0.0,0.0,0.0,0.0,1.0
0.1517600792733922,95.0,84.0,52.0,77.0,12.0,0.0,7.0,4.0,0.0,0.0,0.0,0.0,0.0,0.0,0.0,0.0,1.0,0.0,0.0,0.0,1.0
0.1514628167402872,97.0,68.0,72.0,78.0,4.0,0.0,7.0,5.0,0.0,0.0,0.0,1.0,0.0,0.0,0.0,0.0,0.0,0.0,0.0,1.0,0.0
0.15104735936118013,123.0,71.0,58.0,70.0,30.0,0.0,32.0,19.0,0.0,0.0,0.0,0.0,0.0,0.0,0.0,0.0,0.0,0.0,1.0,1.0,0.0
0.1494252478423598,96.0,54.0,25.0,74.0,14.0,0.0,9.0,11.0,0.0,0.0,0.0,0.0,1.0,0.0,0.0,0.0,0.0,0.0,0.0,1.0,0.0
0.14891293094988797,95.0,77.0,40.0,47.0,2.0,0.0,9.0,3.0,0.0,0.0,0.0,0.0,1.0,0.0,0.0,0.0,0.0,0.0,0.0,1.0,0.0
0.14836093732248978,172.0,74.0,79.0,66.0,11.0,0.0,8.0,16.0,0.0,0.0,0.0,0.0,0.0,0.0,0.0,0.0,1.0,0.0,0.0,0.0,1.0
0.14793662951924244,95.0,81.0,56.0,70.0,4.0,0.0,5.0,24.0,0.0,1.0,0.0,0.0,0.0,0.0,0.0,0.0,0.0,0.0,0.0,1.0,0.0
0.14597214833894265,148.0,50.0,96.0,82.0,47.0,0.0,34.0,4.0,0.0,0.0,0.0,0.0,1.0,0.0,0.0,0.0,0.0,0.0,0.0,1.0,0.0
0.14561020557009555,67.0,53.0,50.0,53.0,23.0,0.0,44.0,7.0,0.0,0.0,0.0,1.0,0.0,0.0,0.0,0.0,0.0,0.0,0.0,0.0,1.0
0.14505990146705192,92.0,91.0,79.0,66.0,32.0,0.0,9.0,16.0,0.0,0.0,0.0,0.0,0.0,0.0,0.0,0.0,0.0,0.0,1.0,0.0,1.0
0.14417831080264795,178.0,76.0,63.0,77.0,14.0,0.0,15.0,22.0,0.0,0.0,0.0,0.0,0.0,0.0,0.0,1.0,0.0,0.0,0.0,1.0,0.0
0.1434015876995091,123.0,75.0,93.0,86.0,8.0,0.0,14.0,3.0,0.0,0.0,1.0,0.0,0.0,0.0,0.0,0.0,0.0,0.0,0.0,0.0,1.0
0.1422512913653021,140.0,79.0,56.0,91.0,26.0,0.0,13.0,21.0,0.0,0.0,0.0,0.0,1.0,0.0,0.0,0.0,0.0,0.0,0.0,1.0,0.0
0.14194044583111406,83.0,57.0,56.0,72.0,23.0,0.0,27.0,5.0,0.0,0.0,0.0,0.0,0.0,0.0,0.0,0.0,1.0,0.0,0.0,0.0,1.0
0.14107126681289503,145.0,84.0,88.0,53.0,35.0,0.0,8.0,7.0,0.0,1.0,0.0,0.0,0.0,0.0,0.0,0.0,0.0,0.0,0.0,1.0,0.0
0.14044401510696047,184.0,69.0,91.0,63.0,11.0,0.0,9.0,31.0,0.0,0.0,0.0,0.0,0.0,0.0,0.0,0.0,1.0,0.0,0.0,1.0,0.0
0.14026724465649454,124.0,86.0,62.0,49.0,51.0,0.0,35.0,21.0,0.0,0.0,0.0,0.0,0.0,1.0,0.0,0.0,0.0,0.0,0.0,1.0,0.0
0.14005663515809383,120.0,67.0,8.0,54.0,27.0,0.0,8.0,4.0,0.0,0.0,0.0,0.0,0.0,0.0,0.0,0.0,0.0,0.0,1.0,1.0,0.0
0.13956963755226576,145.0,59.0,20.0,74.0,1.0,0.0,15.0,5.0,0.0,0.0,0.0,0.0,0.0,0.0,0.0,0.0,1.0,0.0,0.0,0.0,1.0
0.1394490354358093,120.0,78.0,76.0,59.0,43.0,0.0,34.0,3.0,0.0,0.0,1.0,0.0,0.0,0.0,0.0,0.0,0.0,0.0,0.0,0.0,1.0
0.13931308697020606,180.0,35.0,23.0,61.0,23.0,0.0,19.0,6.0,0.0,0.0,0.0,0.0,0.0,0.0,0.0,0.0,0.0,1.0,0.0,0.0,1.0
0.13752630254546777,136.0,80.0,33.0,60.0,0.0,0.0,32.0,14.0,0.0,0.0,1.0,0.0,0.0,0.0,0.0,0.0,0.0,0.0,0.0,0.0,1.0
0.13708867279075523,97.0,73.0,10.0,44.0,26.0,0.0,16.0,8.0,0.0,1.0,0.0,0.0,0.0,0.0,0.0,0.0,0.0,0.0,0.0,1.0,0.0
0.13621820424356376,160.0,51.0,69.0,81.0,0.0,0.0,21.0,5.0,0.0,0.0,0.0,0.0,0.0,0.0,0.0,0.0,0.0,0.0,1.0,1.0,0.0
0.1353681758814491,140.0,91.0,97.0,57.0,38.0,0.0,40.0,29.0,0.0,0.0,0.0,0.0,0.0,0.0,0.0,0.0,1.0,0.0,0.0,1.0,0.0
0.13487683530821543,144.0,57.0,47.0,84.0,1.0,1.0,52.0,4.0,0.0,0.0,0.0,0.0,0.0,0.0,1.0,0.0,0.0,0.0,0.0,0.0,1.0
0.1346378553303259,196.0,66.0,58.0,79.0,23.0,0.0,22.0,20.0,0.0,0.0,1.0,0.0,0.0,0.0,0.0,0.0,0.0,0.0,0.0,0.0,1.0
0.1339018329502918,92.0,76.0,46.0,79.0,31.0,0.0,7.0,6.0,0.0,0.0,0.0,0.0,0.0,0.0,0.0,1.0,0.0,0.0,0.0,0.0,1.0
0.13368043087473375,151.0,65.0,70.0,47.0,87.0,0.0,9.0,4.0,0.0,0.0,0.0,0.0,0.0,0.0,0.0,0.0,0.0,1.0,0.0,1.0,0.0
0.1328393186202116,143.0,60.0,86.0,32.0,88.0,0.0,34.0,6.0,0.0,0.0,0.0,0.0,1.0,0.0,0.0,0.0,0.0,0.0,0.0,1.0,0.0
0.1324383312494912,102.0,83.0,58.0,83.0,21.0,0.0,10.0,5.0,0.0,0.0,1.0,0.0,0.0,0.0,0.0,0.0,0.0,0.0,0.0,0.0,1.0
0.13086984914662297,105.0,56.0,57.0,87.0,0.0,1.0,10.0,4.0,0.0,0.0,0.0,0.0,0.0,0.0,0.0,1.0,0.0,0.0,0.0,0.0,1.0
0.13086500625516428,88.0,53.0,55.0,73.0,9.0,0.0,3.0,5.0,0.0,0.0,0.0,1.0,0.0,0.0,0.0,0.0,0.0,0.0,0.0,1.0,0.0
0.13079333073175964,102.0,77.0,26.0,63.0,58.0,0.0,11.0,5.0,1.0,0.0,0.0,0.0,0.0,0.0,0.0,0.0,0.0,0.0,0.0,0.0,1.0
0.1301212194735398,136.0,77.0,79.0,73.0,15.0,0.0,27.0,10.0,0.0,0.0,1.0,0.0,0.0,0.0,0.0,0.0,0.0,0.0,0.0,0.0,1.0
0.1299041387516018,125.0,84.0,70.0,69.0,1.0,0.0,5.0,5.0,0.0,0.0,0.0,1.0,0.0,0.0,0.0,0.0,0.0,0.0,0.0,0.0,1.0
0.1295580209228675,78.0,56.0,61.0,90.0,36.0,0.0,18.0,31.0,0.0,0.0,0.0,0.0,0.0,0.0,0.0,1.0,0.0,0.0,0.0,1.0,0.0
0.12952412685802403,140.0,62.0,46.0,73.0,10.0,0.0,67.0,11.0,0.0,0.0,0.0,0.0,0.0,0.0,0.0,1.0,0.0,0.0,0.0,0.0,1.0
0.12925886788527205,147.0,33.0,39.0,61.0,32.0,0.0,77.0,3.0,0.0,0.0,0.0,0.0,1.0,0.0,0.0,0.0,0.0,0.0,0.0,1.0,0.0
0.12891743744101977,170.0,71.0,59.0,56.0,4.0,0.0,27.0,12.0,0.0,0.0,0.0,0.0,0.0,0.0,1.0,0.0,0.0,0.0,0.0,0.0,1.0
0.12833032674535344,150.0,49.0,4.0,55.0,7.0,0.0,6.0,3.0,0.0,0.0,1.0,0.0,0.0,0.0,0.0,0.0,0.0,0.0,0.0,1.0,0.0
0.12622984404743132,110.0,59.0,22.0,38.0,42.0,0.0,12.0,3.0,0.0,0.0,0.0,0.0,0.0,0.0,0.0,0.0,0.0,1.0,0.0,1.0,0.0
0.1259889856350874,120.0,71.0,57.0,97.0,1.0,0.0,13.0,11.0,0.0,1.0,0.0,0.0,0.0,0.0,0.0,0.0,0.0,0.0,0.0,1.0,0.0
0.1258927416935634,160.0,80.0,74.0,60.0,8.0,0.0,14.0,26.0,0.0,0.0,0.0,0.0,0.0,0.0,0.0,0.0,0.0,0.0,1.0,0.0,1.0
0.12530027049837894,134.0,45.0,72.0,24.0,91.0,0.0,18.0,4.0,0.0,0.0,0.0,1.0,0.0,0.0,0.0,0.0,0.0,0.0,0.0,1.0,0.0
0.12507581442299073,118.0,56.0,25.0,45.0,1.0,3.0,7.0,3.0,0.0,0.0,0.0,0.0,0.0,0.0,0.0,1.0,0.0,0.0,0.0,1.0,0.0
0.12257896128350326,98.0,73.0,60.0,85.0,17.0,0.0,24.0,5.0,1.0,0.0,0.0,0.0,0.0,0.0,0.0,0.0,0.0,0.0,0.0,0.0,1.0
0.12239160400789063,138.0,78.0,89.0,83.0,10.0,0.0,12.0,5.0,0.0,0.0,0.0,0.0,0.0,0.0,0.0,0.0,0.0,1.0,0.0,0.0,1.0
0.12145812678460677,121.0,75.0,53.0,74.0,2.0,0.0,11.0,5.0,0.0,0.0,0.0,0.0,0.0,0.0,0.0,0.0,0.0,0.0,1.0,1.0,0.0
0.12097395469001868,127.0,80.0,74.0,77.0,36.0,0.0,11.0,4.0,1.0,0.0,0.0,0.0,0.0,0.0,0.0,0.0,0.0,0.0,0.0,0.0,1.0
0.12065181412833363,204.0,52.0,52.0,68.0,46.0,0.0,15.0,4.0,0.0,0.0,0.0,0.0,0.0,0.0,0.0,0.0,1.0,0.0,0.0,1.0,0.0
0.12056057476061229,180.0,51.0,87.0,58.0,36.0,0.0,18.0,4.0,1.0,0.0,0.0,0.0,0.0,0.0,0.0,0.0,0.0,0.0,0.0,1.0,0.0
0.1203306579763365,133.0,95.0,91.0,89.0,6.0,0.0,31.0,24.0,0.0,0.0,0.0,0.0,1.0,0.0,0.0,0.0,0.0,0.0,0.0,1.0,0.0
0.11999391070608856,124.0,79.0,79.0,84.0,2.0,0.0,5.0,5.0,0.0,0.0,0.0,0.0,0.0,0.0,0.0,0.0,0.0,0.0,1.0,0.0,1.0
0.11963428706836252,141.0,37.0,17.0,67.0,2.0,0.0,34.0,9.0,0.0,0.0,0.0,0.0,0.0,1.0,0.0,0.0,0.0,0.0,0.0,1.0,0.0
0.1186479764901117,101.0,67.0,40.0,90.0,3.0,0.0,34.0,6.0,0.0,0.0,0.0,1.0,0.0,0.0,0.0,0.0,0.0,0.0,0.0,1.0,0.0
0.11827580057624532,92.0,45.0,27.0,67.0,32.0,0.0,13.0,14.0,0.0,0.0,0.0,0.0,0.0,0.0,0.0,0.0,0.0,0.0,1.0,1.0,0.0
0.11821136932008496,160.0,31.0,30.0,88.0,7.0,0.0,8.0,8.0,1.0,0.0,0.0,0.0,0.0,0.0,0.0,0.0,0.0,0.0,0.0,1.0,0.0
0.11675091151396808,105.0,65.0,46.0,53.0,16.0,0.0,9.0,5.0,0.0,0.0,0.0,0.0,0.0,0.0,0.0,0.0,1.0,0.0,0.0,0.0,1.0
0.11557616802339973,120.0,60.0,24.0,35.0,73.0,0.0,31.0,3.0,0.0,0.0,0.0,0.0,0.0,0.0,1.0,0.0,0.0,0.0,0.0,1.0,0.0
0.11476093925953408,145.0,56.0,41.0,57.0,1.0,0.0,13.0,3.0,0.0,0.0,1.0,0.0,0.0,0.0,0.0,0.0,0.0,0.0,0.0,1.0,0.0
0.11372052572693837,139.0,48.0,37.0,41.0,32.0,0.0,10.0,10.0,1.0,0.0,0.0,0.0,0.0,0.0,0.0,0.0,0.0,0.0,0.0,0.0,1.0
0.1135878459955284,92.0,53.0,84.0,77.0,40.0,0.0,32.0,3.0,0.0,0.0,0.0,0.0,1.0,0.0,0.0,0.0,0.0,0.0,0.0,1.0,0.0
0.11355941151677844,90.0,64.0,10.0,62.0,7.0,0.0,48.0,7.0,0.0,0.0,0.0,0.0,0.0,0.0,0.0,0.0,0.0,0.0,1.0,1.0,0.0
0.11338443837889639,95.0,75.0,74.0,58.0,36.0,0.0,9.0,3.0,0.0,0.0,1.0,0.0,0.0,0.0,0.0,0.0,0.0,0.0,0.0,1.0,0.0
0.11318572376071669,152.0,84.0,74.0,69.0,21.0,0.0,18.0,6.0,0.0,0.0,1.0,0.0,0.0,0.0,0.0,0.0,0.0,0.0,0.0,1.0,0.0
0.11314807984442728,158.0,60.0,52.0,76.0,17.0,0.0,19.0,5.0,0.0,0.0,0.0,0.0,0.0,0.0,0.0,0.0,1.0,0.0,0.0,0.0,1.0
0.1125695220324766,117.0,72.0,45.0,59.0,14.0,0.0,20.0,21.0,0.0,0.0,0.0,0.0,0.0,0.0,0.0,1.0,0.0,0.0,0.0,0.0,1.0
0.11219070366897951,143.0,56.0,39.0,55.0,14.0,0.0,11.0,13.0,0.0,0.0,0.0,0.0,0.0,0.0,0.0,1.0,0.0,0.0,0.0,1.0,0.0
0.11159991778767193,134.0,81.0,18.0,64.0,3.0,0.0,10.0,11.0,0.0,0.0,0.0,0.0,0.0,0.0,0.0,0.0,1.0,0.0,0.0,0.0,1.0
0.11104114164208465,96.0,23.0,19.0,25.0,91.0,0.0,40.0,3.0,1.0,0.0,0.0,0.0,0.0,0.0,0.0,0.0,0.0,0.0,0.0,1.0,0.0
0.11060295413942517,180.0,80.0,71.0,68.0,6.0,0.0,10.0,37.0,0.0,1.0,0.0,0.0,0.0,0.0,0.0,0.0,0.0,0.0,0.0,0.0,1.0
0.11037837315319832,90.0,79.0,79.0,70.0,57.0,0.0,66.0,8.0,0.0,0.0,0.0,0.0,0.0,0.0,1.0,0.0,0.0,0.0,0.0,0.0,1.0
0.10982290223261108,135.0,70.0,60.0,58.0,4.0,0.0,16.0,3.0,1.0,0.0,0.0,0.0,0.0,0.0,0.0,0.0,0.0,0.0,0.0,0.0,1.0
0.10940763572849341,139.0,36.0,22.0,15.0,84.0,0.0,11.0,4.0,0.0,0.0,0.0,1.0,0.0,0.0,0.0,0.0,0.0,0.0,0.0,1.0,0.0
0.1087897559845378,130.0,51.0,32.0,43.0,83.0,0.0,9.0,3.0,0.0,0.0,0.0,0.0,1.0,0.0,0.0,0.0,0.0,0.0,0.0,0.0,1.0
0.10865205680230396,130.0,47.0,56.0,90.0,0.0,0.0,10.0,4.0,0.0,0.0,1.0,0.0,0.0,0.0,0.0,0.0,0.0,0.0,0.0,1.0,0.0
0.1077414149645152,122.0,85.0,42.0,80.0,6.0,0.0,17.0,14.0,0.0,0.0,0.0,1.0,0.0,0.0,0.0,0.0,0.0,0.0,0.0,1.0,0.0
0.10766118122412313,82.0,63.0,85.0,62.0,6.0,0.0,35.0,4.0,0.0,0.0,0.0,0.0,1.0,0.0,0.0,0.0,0.0,0.0,0.0,1.0,0.0
0.10728208974097211,78.0,36.0,30.0,54.0,34.0,0.0,14.0,5.0,0.0,1.0,0.0,0.0,0.0,0.0,0.0,0.0,0.0,0.0,0.0,1.0,0.0
0.106990558510122,92.0,75.0,55.0,76.0,25.0,0.0,10.0,15.0,0.0,0.0,1.0,0.0,0.0,0.0,0.0,0.0,0.0,0.0,0.0,0.0,1.0
0.10675426958888432,102.0,64.0,4.0,60.0,11.0,0.0,19.0,4.0,0.0,0.0,0.0,1.0,0.0,0.0,0.0,0.0,0.0,0.0,0.0,0.0,1.0
0.10563534692756536,118.0,80.0,21.0,55.0,1.0,0.0,26.0,17.0,0.0,0.0,0.0,1.0,0.0,0.0,0.0,0.0,0.0,0.0,0.0,1.0,0.0
0.10503421899021513,96.0,66.0,76.0,82.0,47.0,0.0,10.0,32.0,0.0,0.0,0.0,1.0,0.0,0.0,0.0,0.0,0.0,0.0,0.0,0.0,1.0
0.10475589827352023,198.0,59.0,71.0,42.0,55.0,0.0,10.0,7.0,0.0,1.0,0.0,0.0,0.0,0.0,0.0,0.0,0.0,0.0,0.0,0.0,1.0
0.10455279156569502,100.0,59.0,49.0,65.0,2.0,0.0,13.0,3.0,1.0,0.0,0.0,0.0,0.0,0.0,0.0,0.0,0.0,0.0,0.0,0.0,1.0
0.10387694168396981,82.0,47.0,44.0,76.0,8.0,91.0,9.0,3.0,0.0,0.0,0.0,0.0,0.0,1.0,0.0,0.0,0.0,0.0,0.0,1.0,0.0
0.10347785099310719,106.0,44.0,8.0,20.0,74.0,42.0,11.0,3.0,0.0,0.0,0.0,0.0,0.0,0.0,0.0,0.0,0.0,0.0,1.0,1.0,0.0
0.10324415376124747,120.0,73.0,64.0,85.0,25.0,0.0,61.0,3.0,1.0,0.0,0.0,0.0,0.0,0.0,0.0,0.0,0.0,0.0,0.0,1.0,0.0
0.10310435523482889,157.0,54.0,75.0,60.0,30.0,0.0,7.0,5.0,0.0,0.0,0.0,0.0,0.0,0.0,0.0,0.0,0.0,1.0,0.0,1.0,0.0
0.10279507880533303,114.0,51.0,39.0,29.0,90.0,0.0,10.0,4.0,0.0,0.0,0.0,0.0,1.0,0.0,0.0,0.0,0.0,0.0,0.0,1.0,0.0
0.1020254565324979,100.0,59.0,78.0,94.0,27.0,0.0,29.0,23.0,0.0,0.0,0.0,0.0,0.0,0.0,1.0,0.0,0.0,0.0,0.0,0.0,1.0
0.1020240516364363,122.0,77.0,51.0,79.0,5.0,0.0,16.0,5.0,0.0,1.0,0.0,0.0,0.0,0.0,0.0,0.0,0.0,0.0,0.0,1.0,0.0
0.1019965701291407,120.0,63.0,36.0,73.0,0.0,0.0,36.0,4.0,0.0,0.0,0.0,0.0,0.0,0.0,0.0,0.0,0.0,1.0,0.0,1.0,0.0
0.1004684446129993,95.0,77.0,53.0,64.0,74.0,0.0,17.0,14.0,0.0,0.0,0.0,0.0,0.0,0.0,0.0,1.0,0.0,0.0,0.0,0.0,1.0
0.10037155422279802,175.0,59.0,15.0,64.0,43.0,90.0,12.0,10.0,0.0,0.0,0.0,0.0,0.0,0.0,0.0,0.0,0.0,1.0,0.0,0.0,1.0
0.10012716265826084,107.0,54.0,41.0,39.0,51.0,0.0,11.0,16.0,0.0,0.0,0.0,0.0,0.0,0.0,0.0,0.0,0.0,1.0,0.0,0.0,1.0
0.09970871920836391,105.0,76.0,58.0,84.0,10.0,0.0,13.0,10.0,0.0,0.0,0.0,0.0,0.0,0.0,0.0,0.0,0.0,0.0,1.0,1.0,0.0
0.09953911807863908,115.0,70.0,87.0,88.0,4.0,0.0,26.0,8.0,0.0,0.0,0.0,1.0,0.0,0.0,0.0,0.0,0.0,0.0,0.0,0.0,1.0
0.09950555888712256,144.0,56.0,84.0,65.0,23.0,0.0,10.0,6.0,1.0,0.0,0.0,0.0,0.0,0.0,0.0,0.0,0.0,0.0,0.0,0.0,1.0
0.09938480828115229,110.0,86.0,31.0,53.0,43.0,0.0,11.0,6.0,0.0,0.0,0.0,1.0,0.0,0.0,0.0,0.0,0.0,0.0,0.0,0.0,1.0
0.0987031479401913,101.0,72.0,91.0,87.0,14.0,0.0,13.0,3.0,0.0,0.0,0.0,1.0,0.0,0.0,0.0,0.0,0.0,0.0,0.0,0.0,1.0
0.09835079523606836,130.0,63.0,49.0,73.0,5.0,0.0,9.0,3.0,0.0,0.0,0.0,0.0,0.0,0.0,0.0,0.0,1.0,0.0,0.0,1.0,0.0
0.09817248880333489,90.0,81.0,59.0,83.0,9.0,0.0,11.0,5.0,0.0,0.0,0.0,0.0,0.0,0.0,0.0,0.0,0.0,1.0,0.0,1.0,0.0
0.09812738027146785,109.0,60.0,45.0,47.0,62.0,0.0,31.0,5.0,0.0,0.0,0.0,0.0,0.0,0.0,0.0,1.0,0.0,0.0,0.0,1.0,0.0
0.0978639764351936,120.0,69.0,40.0,39.0,41.0,0.0,13.0,6.0,0.0,0.0,0.0,0.0,1.0,0.0,0.0,0.0,0.0,0.0,0.0,1.0,0.0
0.09715679498535744,129.0,42.0,33.0,44.0,62.0,0.0,8.0,6.0,0.0,0.0,1.0,0.0,0.0,0.0,0.0,0.0,0.0,0.0,0.0,1.0,0.0
0.09709385508040091,120.0,81.0,92.0,90.0,9.0,0.0,8.0,7.0,1.0,0.0,0.0,0.0,0.0,0.0,0.0,0.0,0.0,0.0,0.0,1.0,0.0
0.09684911292342,96.0,74.0,61.0,83.0,11.0,0.0,35.0,6.0,0.0,0.0,0.0,0.0,0.0,0.0,0.0,0.0,0.0,0.0,1.0,0.0,1.0
0.09657519973478887,103.0,80.0,45.0,62.0,76.0,0.0,10.0,38.0,0.0,0.0,0.0,1.0,0.0,0.0,0.0,0.0,0.0,0.0,0.0,0.0,1.0
0.09633412771087593,160.0,61.0,65.0,64.0,1.0,0.0,12.0,4.0,0.0,0.0,0.0,0.0,1.0,0.0,0.0,0.0,0.0,0.0,0.0,0.0,1.0
0.09625016629422053,139.0,74.0,68.0,68.0,3.0,0.0,26.0,4.0,0.0,0.0,0.0,0.0,0.0,0.0,0.0,0.0,0.0,0.0,1.0,1.0,0.0
0.09621690015195244,73.0,83.0,11.0,41.0,0.0,0.0,36.0,14.0,0.0,0.0,0.0,0.0,1.0,0.0,0.0,0.0,0.0,0.0,0.0,1.0,0.0
0.09528891844417187,126.0,67.0,37.0,46.0,13.0,0.0,10.0,39.0,1.0,0.0,0.0,0.0,0.0,0.0,0.0,0.0,0.0,0.0,0.0,0.0,1.0
0.0950339117039381,141.0,41.0,9.0,25.0,84.0,1.0,14.0,4.0,0.0,0.0,0.0,0.0,0.0,0.0,1.0,0.0,0.0,0.0,0.0,0.0,1.0
0.09499377827252975,130.0,82.0,50.0,67.0,12.0,0.0,13.0,5.0,0.0,0.0,0.0,1.0,0.0,0.0,0.0,0.0,0.0,0.0,0.0,1.0,0.0
0.09409560758901084,100.0,86.0,67.0,66.0,14.0,0.0,12.0,16.0,0.0,0.0,1.0,0.0,0.0,0.0,0.0,0.0,0.0,0.0,0.0,1.0,0.0
0.0940542180317532,105.0,95.0,62.0,52.0,3.0,0.0,5.0,16.0,0.0,0.0,0.0,0.0,0.0,0.0,0.0,0.0,1.0,0.0,0.0,1.0,0.0
0.09395844089185769,107.0,72.0,36.0,72.0,26.0,6.0,11.0,4.0,0.0,0.0,1.0,0.0,0.0,0.0,0.0,0.0,0.0,0.0,0.0,1.0,0.0
0.09351294512269277,170.0,80.0,77.0,85.0,11.0,0.0,17.0,14.0,1.0,0.0,0.0,0.0,0.0,0.0,0.0,0.0,0.0,0.0,0.0,0.0,1.0
0.09333326410933719,142.0,64.0,31.0,72.0,15.0,0.0,9.0,5.0,0.0,0.0,0.0,0.0,1.0,0.0,0.0,0.0,0.0,0.0,0.0,0.0,1.0
0.09305398564931319,126.0,63.0,56.0,43.0,24.0,0.0,12.0,23.0,0.0,0.0,0.0,1.0,0.0,0.0,0.0,0.0,0.0,0.0,0.0,1.0,0.0
0.09287707148120818,77.0,72.0,70.0,82.0,2.0,0.0,4.0,17.0,0.0,0.0,0.0,0.0,0.0,0.0,0.0,0.0,0.0,0.0,1.0,1.0,0.0
0.09212664056576192,164.0,70.0,39.0,56.0,6.0,0.0,9.0,7.0,0.0,0.0,0.0,0.0,0.0,0.0,0.0,0.0,0.0,1.0,0.0,1.0,0.0
0.09192743528658008,95.0,84.0,49.0,72.0,8.0,0.0,15.0,8.0,0.0,0.0,0.0,0.0,0.0,0.0,0.0,1.0,0.0,0.0,0.0,0.0,1.0
0.09139253647937115,120.0,70.0,70.0,79.0,7.0,0.0,18.0,10.0,0.0,0.0,0.0,0.0,0.0,0.0,0.0,0.0,0.0,0.0,1.0,1.0,0.0
0.09079275673698273,113.0,70.0,97.0,59.0,55.0,0.0,27.0,12.0,0.0,0.0,0.0,0.0,0.0,0.0,0.0,0.0,0.0,0.0,1.0,1.0,0.0
0.09078756437587435,110.0,66.0,19.0,32.0,69.0,0.0,12.0,4.0,1.0,0.0,0.0,0.0,0.0,0.0,0.0,0.0,0.0,0.0,0.0,1.0,0.0
0.09047851054029994,93.0,63.0,34.0,86.0,26.0,0.0,21.0,39.0,0.0,0.0,1.0,0.0,0.0,0.0,0.0,0.0,0.0,0.0,0.0,0.0,1.0
0.08975457924874798,140.0,59.0,73.0,45.0,44.0,0.0,34.0,3.0,0.0,0.0,0.0,0.0,0.0,0.0,0.0,0.0,0.0,1.0,0.0,1.0,0.0
0.08970116905833515,96.0,70.0,40.0,51.0,35.0,0.0,10.0,4.0,0.0,0.0,0.0,0.0,0.0,0.0,0.0,0.0,1.0,0.0,0.0,0.0,1.0
0.0896955236498255,108.0,78.0,55.0,60.0,59.0,0.0,7.0,4.0,0.0,0.0,0.0,0.0,1.0,0.0,0.0,0.0,0.0,0.0,0.0,1.0,0.0
0.08918453586481656,108.0,64.0,4.0,40.0,6.0,0.0,10.0,6.0,0.0,0.0,0.0,0.0,0.0,0.0,0.0,0.0,0.0,1.0,0.0,1.0,0.0
0.0891552943778394,139.0,44.0,18.0,38.0,70.0,0.0,12.0,4.0,0.0,0.0,0.0,0.0,0.0,0.0,0.0,1.0,0.0,0.0,0.0,1.0,0.0
0.08775201878876387,94.0,76.0,81.0,80.0,20.0,0.0,25.0,4.0,0.0,0.0,0.0,1.0,0.0,0.0,0.0,0.0,0.0,0.0,0.0,0.0,1.0
0.08740737883770476,78.0,77.0,49.0,42.0,1.0,1.0,13.0,19.0,0.0,0.0,0.0,1.0,0.0,0.0,0.0,0.0,0.0,0.0,0.0,0.0,1.0
0.08691863725201042,120.0,82.0,55.0,45.0,15.0,3.0,9.0,10.0,0.0,0.0,0.0,0.0,0.0,1.0,0.0,0.0,0.0,0.0,0.0,0.0,1.0
0.08687091541697986,94.0,74.0,64.0,73.0,6.0,0.0,10.0,6.0,0.0,0.0,0.0,0.0,0.0,0.0,0.0,1.0,0.0,0.0,0.0,0.0,1.0
0.08638491541366987,110.0,80.0,26.0,85.0,23.0,0.0,11.0,21.0,0.0,0.0,0.0,1.0,0.0,0.0,0.0,0.0,0.0,0.0,0.0,1.0,0.0
0.0858287076594839,118.0,70.0,54.0,71.0,0.0,0.0,33.0,4.0,0.0,0.0,0.0,1.0,0.0,0.0,0.0,0.0,0.0,0.0,0.0,0.0,1.0
0.08579480938416272,85.0,71.0,43.0,65.0,23.0,0.0,9.0,5.0,0.0,1.0,0.0,0.0,0.0,0.0,0.0,0.0,0.0,0.0,0.0,1.0,0.0
0.08536486375126559,94.0,89.0,61.0,66.0,17.0,0.0,36.0,16.0,0.0,0.0,0.0,0.0,0.0,0.0,0.0,0.0,0.0,0.0,1.0,1.0,0.0
0.08511720962790244,144.0,65.0,23.0,80.0,14.0,63.0,11.0,6.0,1.0,0.0,0.0,0.0,0.0,0.0,0.0,0.0,0.0,0.0,0.0,0.0,1.0
0.08511158779806795,94.0,73.0,65.0,79.0,5.0,2.0,11.0,6.0,0.0,0.0,0.0,0.0,0.0,0.0,0.0,0.0,0.0,0.0,1.0,1.0,0.0
0.08477203999874777,172.0,56.0,68.0,89.0,4.0,0.0,33.0,19.0,0.0,0.0,0.0,1.0,0.0,0.0,0.0,0.0,0.0,0.0,0.0,1.0,0.0
0.08473364409113988,166.0,70.0,57.0,57.0,9.0,20.0,11.0,7.0,0.0,0.0,0.0,1.0,0.0,0.0,0.0,0.0,0.0,0.0,0.0,1.0,0.0
0.08455743138862087,140.0,81.0,39.0,66.0,38.0,0.0,12.0,14.0,0.0,0.0,0.0,0.0,0.0,1.0,0.0,0.0,0.0,0.0,0.0,0.0,1.0
0.08450399537394478,105.0,88.0,82.0,80.0,8.0,0.0,11.0,8.0,0.0,1.0,0.0,0.0,0.0,0.0,0.0,0.0,0.0,0.0,0.0,0.0,1.0
0.08448473384192746,127.0,77.0,53.0,78.0,19.0,0.0,29.0,4.0,0.0,1.0,0.0,0.0,0.0,0.0,0.0,0.0,0.0,0.0,0.0,1.0,0.0
0.0841100313607383,189.0,55.0,86.0,44.0,40.0,0.0,7.0,4.0,0.0,0.0,0.0,0.0,0.0,0.0,0.0,0.0,0.0,0.0,1.0,1.0,0.0
0.08410617568595267,124.0,81.0,68.0,63.0,17.0,0.0,10.0,22.0,0.0,0.0,0.0,0.0,0.0,0.0,0.0,0.0,0.0,1.0,0.0,1.0,0.0
0.08366527607425281,146.0,74.0,51.0,45.0,86.0,0.0,21.0,38.0,0.0,0.0,0.0,0.0,1.0,0.0,0.0,0.0,0.0,0.0,0.0,0.0,1.0
0.0834590218939923,177.0,25.0,17.0,30.0,90.0,0.0,13.0,3.0,1.0,0.0,0.0,0.0,0.0,0.0,0.0,0.0,0.0,0.0,0.0,1.0,0.0
0.0830855547669624,113.0,73.0,72.0,32.0,77.0,0.0,15.0,5.0,0.0,0.0,0.0,0.0,0.0,0.0,0.0,0.0,0.0,1.0,0.0,1.0,0.0
0.08262343406692034,115.0,95.0,43.0,69.0,47.0,0.0,9.0,31.0,0.0,0.0,0.0,0.0,0.0,0.0,0.0,1.0,0.0,0.0,0.0,0.0,1.0
0.08237484156842555,88.0,80.0,55.0,56.0,13.0,0.0,8.0,9.0,0.0,0.0,0.0,0.0,0.0,1.0,0.0,0.0,0.0,0.0,0.0,0.0,1.0
0.08229637763216302,148.0,51.0,27.0,33.0,48.0,0.0,22.0,3.0,1.0,0.0,0.0,0.0,0.0,0.0,0.0,0.0,0.0,0.0,0.0,1.0,0.0
0.08146596869267078,79.0,63.0,76.0,67.0,38.0,0.0,6.0,4.0,0.0,0.0,0.0,0.0,0.0,0.0,0.0,0.0,1.0,0.0,0.0,1.0,0.0
0.08086892997126967,149.0,66.0,85.0,60.0,40.0,0.0,14.0,13.0,0.0,0.0,0.0,0.0,0.0,0.0,0.0,0.0,0.0,0.0,1.0,1.0,0.0
0.08063797179550765,99.0,79.0,64.0,59.0,28.0,0.0,11.0,14.0,0.0,0.0,0.0,0.0,0.0,0.0,0.0,0.0,0.0,1.0,0.0,0.0,1.0
0.08061612278459007,78.0,40.0,7.0,29.0,62.0,0.0,9.0,3.0,0.0,0.0,0.0,0.0,0.0,0.0,0.0,0.0,0.0,1.0,0.0,1.0,0.0
0.08048656947322687,123.0,60.0,46.0,71.0,3.0,0.0,16.0,4.0,0.0,0.0,0.0,0.0,0.0,0.0,1.0,0.0,0.0,0.0,0.0,0.0,1.0
0.08039132537980907,88.0,68.0,17.0,71.0,15.0,0.0,11.0,5.0,0.0,0.0,0.0,0.0,0.0,0.0,0.0,0.0,0.0,1.0,0.0,0.0,1.0
0.07997256558268709,100.0,36.0,28.0,28.0,81.0,0.0,18.0,3.0,0.0,0.0,0.0,0.0,0.0,0.0,0.0,0.0,0.0,1.0,0.0,1.0,0.0
0.07994774004472911,150.0,42.0,20.0,86.0,21.0,0.0,9.0,9.0,0.0,0.0,0.0,0.0,1.0,0.0,0.0,0.0,0.0,0.0,0.0,1.0,0.0
0.07993818197963552,82.0,40.0,39.0,64.0,21.0,0.0,7.0,7.0,0.0,0.0,0.0,0.0,0.0,0.0,0.0,0.0,0.0,0.0,1.0,1.0,0.0
0.07978773010252249,92.0,71.0,67.0,60.0,7.0,0.0,6.0,4.0,0.0,0.0,1.0,0.0,0.0,0.0,0.0,0.0,0.0,0.0,0.0,0.0,1.0
0.07953772007653298,121.0,86.0,67.0,65.0,42.0,0.0,35.0,7.0,0.0,0.0,0.0,0.0,0.0,0.0,0.0,0.0,1.0,0.0,0.0,0.0,1.0
0.0795301692865116,188.0,50.0,41.0,50.0,69.0,0.0,12.0,6.0,0.0,0.0,0.0,0.0,0.0,0.0,0.0,1.0,0.0,0.0,0.0,0.0,1.0
0.07940410982954975,80.0,56.0,19.0,46.0,92.0,72.0,11.0,3.0,0.0,0.0,0.0,0.0,0.0,0.0,1.0,0.0,0.0,0.0,0.0,0.0,1.0
0.07852124872367229,105.0,81.0,77.0,79.0,19.0,0.0,47.0,8.0,0.0,0.0,0.0,0.0,0.0,0.0,0.0,0.0,0.0,0.0,1.0,1.0,0.0
0.07851547980781656,110.0,91.0,59.0,82.0,8.0,0.0,6.0,8.0,0.0,0.0,0.0,1.0,0.0,0.0,0.0,0.0,0.0,0.0,0.0,1.0,0.0
0.07829165614617994,164.0,70.0,58.0,57.0,25.0,0.0,15.0,7.0,0.0,0.0,0.0,0.0,0.0,0.0,0.0,0.0,0.0,0.0,1.0,0.0,1.0
0.07778983990441107,100.0,90.0,75.0,50.0,11.0,0.0,9.0,26.0,0.0,0.0,0.0,1.0,0.0,0.0,0.0,0.0,0.0,0.0,0.0,1.0,0.0
0.07754476540038979,119.0,75.0,48.0,53.0,18.0,0.0,18.0,34.0,0.0,0.0,0.0,1.0,0.0,0.0,0.0,0.0,0.0,0.0,0.0,0.0,1.0
0.07668456648902441,142.0,56.0,40.0,54.0,72.0,0.0,10.0,4.0,0.0,0.0,0.0,0.0,0.0,1.0,0.0,0.0,0.0,0.0,0.0,1.0,0.0
0.07663145861091096,98.0,83.0,63.0,74.0,14.0,0.0,16.0,6.0,0.0,0.0,0.0,0.0,0.0,0.0,0.0,0.0,0.0,1.0,0.0,0.0,1.0
0.0751673696888195,130.0,74.0,79.0,87.0,45.0,0.0,30.0,3.0,0.0,0.0,0.0,0.0,0.0,0.0,0.0,0.0,1.0,0.0,0.0,1.0,0.0
0.07515864838599556,180.0,65.0,37.0,58.0,2.0,0.0,4.0,31.0,0.0,0.0,0.0,0.0,1.0,0.0,0.0,0.0,0.0,0.0,0.0,1.0,0.0
0.07484033711343585,178.0,79.0,58.0,78.0,34.0,0.0,11.0,25.0,0.0,0.0,0.0,1.0,0.0,0.0,0.0,0.0,0.0,0.0,0.0,0.0,1.0
0.07463210681563816,150.0,34.0,24.0,56.0,4.0,0.0,11.0,3.0,1.0,0.0,0.0,0.0,0.0,0.0,0.0,0.0,0.0,0.0,0.0,1.0,0.0
0.07430502792499973,105.0,81.0,70.0,65.0,24.0,0.0,8.0,4.0,0.0,1.0,0.0,0.0,0.0,0.0,0.0,0.0,0.0,0.0,0.0,0.0,1.0
0.0740740268023651,158.0,46.0,62.0,83.0,53.0,0.0,97.0,28.0,0.0,0.0,0.0,0.0,0.0,0.0,0.0,0.0,0.0,0.0,1.0,0.0,1.0
0.0740416064047191,138.0,69.0,35.0,57.0,12.0,0.0,10.0,9.0,0.0,0.0,0.0,0.0,1.0,0.0,0.0,0.0,0.0,0.0,0.0,1.0,0.0
0.07395017728480242,158.0,65.0,72.0,95.0,31.0,0.0,92.0,5.0,0.0,0.0,0.0,1.0,0.0,0.0,0.0,0.0,0.0,0.0,0.0,1.0,0.0
0.07390163328382493,120.0,81.0,72.0,65.0,4.0,0.0,14.0,4.0,0.0,0.0,0.0,0.0,0.0,0.0,0.0,0.0,0.0,0.0,1.0,0.0,1.0
0.07337779484015547,84.0,67.0,78.0,63.0,29.0,0.0,12.0,5.0,0.0,0.0,0.0,0.0,1.0,0.0,0.0,0.0,0.0,0.0,0.0,1.0,0.0
0.07334195778019942,108.0,96.0,71.0,42.0,57.0,0.0,8.0,9.0,0.0,0.0,0.0,0.0,0.0,0.0,0.0,0.0,0.0,1.0,0.0,0.0,1.0
0.0726200542547112,85.0,74.0,61.0,52.0,30.0,0.0,26.0,9.0,0.0,0.0,0.0,0.0,0.0,0.0,0.0,0.0,0.0,0.0,1.0,0.0,1.0
0.07250815266938865,122.0,80.0,62.0,69.0,28.0,0.0,13.0,7.0,0.0,0.0,0.0,0.0,0.0,0.0,0.0,0.0,1.0,0.0,0.0,0.0,1.0
0.07199372969596775,137.0,64.0,88.0,72.0,51.0,0.0,17.0,5.0,0.0,0.0,0.0,0.0,0.0,0.0,0.0,0.0,0.0,1.0,0.0,0.0,1.0
0.07183906762184614,140.0,74.0,96.0,80.0,18.0,0.0,5.0,5.0,0.0,0.0,0.0,0.0,0.0,0.0,0.0,0.0,0.0,1.0,0.0,0.0,1.0
0.07161115614775297,147.0,60.0,58.0,69.0,2.0,0.0,58.0,4.0,0.0,0.0,0.0,0.0,0.0,0.0,0.0,1.0,0.0,0.0,0.0,1.0,0.0
0.0713580441224874,125.0,88.0,28.0,66.0,6.0,0.0,13.0,31.0,0.0,0.0,0.0,0.0,0.0,0.0,0.0,0.0,0.0,0.0,1.0,1.0,0.0
0.07119864133116613,80.0,80.0,16.0,28.0,17.0,0.0,12.0,39.0,0.0,0.0,0.0,0.0,0.0,0.0,1.0,0.0,0.0,0.0,0.0,0.0,1.0
0.07097979248928969,172.0,31.0,4.0,86.0,1.0,0.0,28.0,17.0,0.0,0.0,1.0,0.0,0.0,0.0,0.0,0.0,0.0,0.0,0.0,0.0,1.0
0.07025953582198197,150.0,68.0,14.0,76.0,4.0,0.0,10.0,4.0,0.0,0.0,0.0,0.0,1.0,0.0,0.0,0.0,0.0,0.0,0.0,1.0,0.0
0.06975612858103684,128.0,82.0,42.0,75.0,6.0,0.0,63.0,6.0,0.0,0.0,0.0,1.0,0.0,0.0,0.0,0.0,0.0,0.0,0.0,0.0,1.0
0.06963742735491586,120.0,84.0,96.0,71.0,18.0,0.0,34.0,17.0,0.0,0.0,0.0,0.0,0.0,0.0,0.0,1.0,0.0,0.0,0.0,0.0,1.0
0.06953889796609249,120.0,83.0,59.0,73.0,6.0,0.0,5.0,11.0,1.0,0.0,0.0,0.0,0.0,0.0,0.0,0.0,0.0,0.0,0.0,1.0,0.0
0.06952519342255296,156.0,72.0,92.0,77.0,9.0,0.0,8.0,11.0,0.0,0.0,0.0,0.0,0.0,0.0,0.0,0.0,0.0,1.0,0.0,1.0,0.0
0.06916055061470157,148.0,47.0,15.0,52.0,38.0,13.0,29.0,5.0,0.0,0.0,0.0,0.0,0.0,0.0,0.0,0.0,0.0,0.0,1.0,1.0,0.0
0.06915679542998389,130.0,51.0,50.0,76.0,30.0,0.0,10.0,7.0,0.0,0.0,0.0,0.0,1.0,0.0,0.0,0.0,0.0,0.0,0.0,0.0,1.0
0.0690869430434264,115.0,85.0,72.0,58.0,9.0,0.0,49.0,12.0,0.0,0.0,0.0,1.0,0.0,0.0,0.0,0.0,0.0,0.0,0.0,0.0,1.0
0.06888268687518716,174.0,67.0,74.0,75.0,44.0,0.0,7.0,30.0,0.0,0.0,0.0,0.0,0.0,0.0,0.0,1.0,0.0,0.0,0.0,0.0,1.0
0.06886887145573468,152.0,69.0,94.0,71.0,79.0,0.0,7.0,8.0,0.0,0.0,0.0,0.0,0.0,0.0,0.0,0.0,0.0,1.0,0.0,0.0,1.0
0.06879720687957207,144.0,74.0,39.0,65.0,5.0,1.0,11.0,35.0,0.0,0.0,0.0,0.0,1.0,0.0,0.0,0.0,0.0,0.0,0.0,1.0,0.0
0.0687504060163653,120.0,90.0,73.0,51.0,39.0,0.0,9.0,6.0,0.0,0.0,0.0,0.0,0.0,0.0,0.0,1.0,0.0,0.0,0.0,1.0,0.0
0.06874002045205302,92.0,58.0,27.0,36.0,86.0,0.0,9.0,3.0,0.0,0.0,0.0,0.0,0.0,0.0,0.0,0.0,0.0,1.0,0.0,1.0,0.0
0.06871141727349625,128.0,58.0,68.0,91.0,2.0,0.0,27.0,11.0,0.0,0.0,0.0,1.0,0.0,0.0,0.0,0.0,0.0,0.0,0.0,1.0,0.0
0.06869769813363402,81.0,38.0,20.0,66.0,9.0,0.0,9.0,8.0,0.0,0.0,0.0,0.0,0.0,0.0,0.0,0.0,0.0,1.0,0.0,1.0,0.0
0.06867457699705187,150.0,90.0,64.0,14.0,67.0,35.0,11.0,10.0,0.0,0.0,0.0,0.0,0.0,0.0,0.0,0.0,0.0,0.0,1.0,0.0,1.0
0.06814360263576444,126.0,34.0,35.0,76.0,39.0,0.0,8.0,5.0,0.0,0.0,0.0,0.0,0.0,1.0,0.0,0.0,0.0,0.0,0.0,1.0,0.0
0.06762457508392308,132.0,82.0,49.0,88.0,20.0,0.0,21.0,3.0,0.0,0.0,1.0,0.0,0.0,0.0,0.0,0.0,0.0,0.0,0.0,1.0,0.0
0.06758300503752109,115.0,60.0,37.0,71.0,8.0,0.0,48.0,4.0,0.0,0.0,0.0,1.0,0.0,0.0,0.0,0.0,0.0,0.0,0.0,1.0,0.0
0.06755899184106207,133.0,82.0,52.0,61.0,38.0,0.0,14.0,27.0,0.0,0.0,0.0,0.0,0.0,0.0,0.0,0.0,1.0,0.0,0.0,0.0,1.0
0.06752968495133119,150.0,53.0,14.0,43.0,64.0,0.0,13.0,3.0,0.0,0.0,0.0,0.0,0.0,1.0,0.0,0.0,0.0,0.0,0.0,1.0,0.0
0.06720162333519593,102.0,67.0,72.0,74.0,30.0,0.0,36.0,4.0,0.0,0.0,0.0,1.0,0.0,0.0,0.0,0.0,0.0,0.0,0.0,0.0,1.0
0.0669038131592905,148.0,51.0,21.0,63.0,5.0,0.0,41.0,3.0,0.0,0.0,0.0,0.0,0.0,0.0,0.0,0.0,0.0,1.0,0.0,1.0,0.0
0.06662332741495862,101.0,78.0,40.0,74.0,36.0,0.0,17.0,27.0,0.0,0.0,0.0,1.0,0.0,0.0,0.0,0.0,0.0,0.0,0.0,0.0,1.0
0.0665080653070288,170.0,70.0,61.0,44.0,40.0,0.0,37.0,4.0,0.0,0.0,0.0,0.0,0.0,0.0,0.0,1.0,0.0,0.0,0.0,0.0,1.0
0.06648889837041062,98.0,68.0,33.0,43.0,38.0,0.0,36.0,14.0,0.0,0.0,0.0,0.0,0.0,0.0,0.0,0.0,1.0,0.0,0.0,0.0,1.0
0.06648466403332987,98.0,73.0,88.0,57.0,56.0,0.0,5.0,2.0,0.0,0.0,1.0,0.0,0.0,0.0,0.0,0.0,0.0,0.0,0.0,1.0,0.0
0.06626111489483975,165.0,72.0,90.0,48.0,32.0,0.0,18.0,23.0,1.0,0.0,0.0,0.0,0.0,0.0,0.0,0.0,0.0,0.0,0.0,1.0,0.0
0.06611755978021092,132.0,92.0,53.0,62.0,7.0,0.0,63.0,10.0,0.0,0.0,0.0,0.0,0.0,0.0,0.0,0.0,0.0,1.0,0.0,1.0,0.0
0.06562699533836792,160.0,69.0,61.0,71.0,33.0,0.0,31.0,20.0,1.0,0.0,0.0,0.0,0.0,0.0,0.0,0.0,0.0,0.0,0.0,1.0,0.0
0.06559040095382164,118.0,56.0,20.0,54.0,67.0,0.0,6.0,5.0,0.0,0.0,0.0,0.0,0.0,0.0,0.0,0.0,0.0,1.0,0.0,1.0,0.0
0.0653730445859431,124.0,84.0,64.0,39.0,3.0,0.0,11.0,4.0,1.0,0.0,0.0,0.0,0.0,0.0,0.0,0.0,0.0,0.0,0.0,0.0,1.0
0.06512019304889834,80.0,76.0,92.0,62.0,6.0,0.0,8.0,13.0,1.0,0.0,0.0,0.0,0.0,0.0,0.0,0.0,0.0,0.0,0.0,1.0,0.0
0.06502525042568436,121.0,64.0,80.0,88.0,0.0,0.0,12.0,6.0,0.0,0.0,0.0,0.0,0.0,0.0,0.0,0.0,0.0,1.0,0.0,1.0,0.0
0.06493380614804793,93.0,84.0,96.0,79.0,43.0,0.0,18.0,11.0,0.0,0.0,0.0,0.0,0.0,0.0,0.0,0.0,1.0,0.0,0.0,0.0,1.0
0.06441893068862278,104.0,86.0,43.0,62.0,5.0,0.0,13.0,14.0,0.0,0.0,0.0,0.0,0.0,0.0,0.0,0.0,0.0,1.0,0.0,1.0,0.0
0.06441204178569697,124.0,95.0,36.0,37.0,35.0,0.0,10.0,28.0,0.0,0.0,0.0,0.0,0.0,0.0,0.0,0.0,0.0,1.0,0.0,1.0,0.0
0.06397565889378275,82.0,70.0,31.0,34.0,60.0,1.0,11.0,4.0,1.0,0.0,0.0,0.0,0.0,0.0,0.0,0.0,0.0,0.0,0.0,1.0,0.0
0.06322914568749367,170.0,65.0,46.0,47.0,12.0,0.0,13.0,16.0,0.0,1.0,0.0,0.0,0.0,0.0,0.0,0.0,0.0,0.0,0.0,1.0,0.0
0.06318259183897905,130.0,52.0,24.0,60.0,0.0,0.0,8.0,3.0,0.0,0.0,0.0,0.0,1.0,0.0,0.0,0.0,0.0,0.0,0.0,1.0,0.0
0.06277274225478079,124.0,78.0,70.0,68.0,3.0,1.0,11.0,4.0,0.0,0.0,0.0,0.0,0.0,0.0,0.0,0.0,0.0,0.0,1.0,0.0,1.0
0.06275851869968925,95.0,77.0,72.0,87.0,17.0,0.0,7.0,5.0,0.0,0.0,0.0,1.0,0.0,0.0,0.0,0.0,0.0,0.0,0.0,1.0,0.0
0.06268479828761152,84.0,56.0,61.0,76.0,10.0,0.0,14.0,11.0,0.0,0.0,0.0,0.0,0.0,0.0,0.0,0.0,0.0,1.0,0.0,0.0,1.0
0.06261303462487354,109.0,75.0,11.0,50.0,20.0,0.0,30.0,17.0,0.0,0.0,0.0,0.0,0.0,0.0,0.0,0.0,0.0,1.0,0.0,1.0,0.0
0.06242958383047754,93.0,65.0,79.0,66.0,31.0,0.0,22.0,7.0,0.0,1.0,0.0,0.0,0.0,0.0,0.0,0.0,0.0,0.0,0.0,0.0,1.0
0.06224494455857409,102.0,73.0,62.0,75.0,0.0,0.0,34.0,8.0,0.0,0.0,0.0,1.0,0.0,0.0,0.0,0.0,0.0,0.0,0.0,1.0,0.0
0.06214858805694608,113.0,79.0,66.0,74.0,8.0,0.0,11.0,5.0,0.0,0.0,0.0,0.0,0.0,0.0,0.0,0.0,0.0,1.0,0.0,0.0,1.0
0.06128148901471433,126.0,66.0,12.0,35.0,55.0,0.0,9.0,14.0,0.0,0.0,0.0,0.0,0.0,0.0,1.0,0.0,0.0,0.0,0.0,1.0,0.0
0.06109969630643938,120.0,91.0,63.0,58.0,52.0,0.0,31.0,22.0,1.0,0.0,0.0,0.0,0.0,0.0,0.0,0.0,0.0,0.0,0.0,1.0,0.0
0.05992981114574798,97.0,80.0,36.0,86.0,4.0,0.0,3.0,5.0,0.0,0.0,0.0,0.0,1.0,0.0,0.0,0.0,0.0,0.0,0.0,1.0,0.0
0.05991111690542707,140.0,58.0,17.0,62.0,18.0,0.0,20.0,8.0,0.0,0.0,0.0,0.0,1.0,0.0,0.0,0.0,0.0,0.0,0.0,0.0,1.0
0.059606084637459936,118.0,63.0,60.0,70.0,5.0,0.0,9.0,31.0,0.0,0.0,0.0,0.0,0.0,0.0,0.0,0.0,0.0,0.0,1.0,1.0,0.0
0.059573270981196094,120.0,58.0,71.0,80.0,15.0,0.0,7.0,41.0,0.0,0.0,0.0,1.0,0.0,0.0,0.0,0.0,0.0,0.0,0.0,1.0,0.0
0.05953796051165195,130.0,91.0,91.0,96.0,3.0,0.0,3.0,9.0,0.0,0.0,0.0,0.0,0.0,0.0,1.0,0.0,0.0,0.0,0.0,1.0,0.0
0.05933116963583304,138.0,74.0,65.0,67.0,46.0,0.0,36.0,4.0,0.0,0.0,0.0,0.0,0.0,0.0,0.0,0.0,0.0,1.0,0.0,0.0,1.0
0.059240866116956725,143.0,64.0,31.0,87.0,4.0,4.0,8.0,4.0,1.0,0.0,0.0,0.0,0.0,0.0,0.0,0.0,0.0,0.0,0.0,1.0,0.0
0.0589568129752129,102.0,58.0,29.0,94.0,0.0,0.0,9.0,11.0,0.0,0.0,0.0,1.0,0.0,0.0,0.0,0.0,0.0,0.0,0.0,1.0,0.0
0.05888092837759374,92.0,73.0,37.0,74.0,28.0,0.0,14.0,6.0,0.0,0.0,0.0,0.0,1.0,0.0,0.0,0.0,0.0,0.0,0.0,0.0,1.0
0.05869506975134632,118.0,82.0,75.0,85.0,33.0,1.0,11.0,4.0,0.0,0.0,1.0,0.0,0.0,0.0,0.0,0.0,0.0,0.0,0.0,0.0,1.0
0.05843112248274934,135.0,78.0,55.0,57.0,4.0,0.0,10.0,8.0,1.0,0.0,0.0,0.0,0.0,0.0,0.0,0.0,0.0,0.0,0.0,0.0,1.0
0.058113151697486876,130.0,69.0,36.0,90.0,1.0,10.0,15.0,4.0,0.0,0.0,1.0,0.0,0.0,0.0,0.0,0.0,0.0,0.0,0.0,0.0,1.0
0.05717197379117527,80.0,39.0,45.0,55.0,73.0,0.0,9.0,21.0,0.0,0.0,0.0,0.0,0.0,0.0,0.0,0.0,0.0,0.0,1.0,0.0,1.0
0.05710353893211251,125.0,54.0,22.0,76.0,0.0,0.0,14.0,3.0,0.0,0.0,0.0,0.0,0.0,0.0,0.0,1.0,0.0,0.0,0.0,1.0,0.0
0.05704318875164436,140.0,53.0,51.0,70.0,49.0,0.0,14.0,3.0,0.0,0.0,0.0,0.0,0.0,0.0,0.0,0.0,1.0,0.0,0.0,1.0,0.0
0.05689048876013425,72.0,64.0,76.0,44.0,70.0,9.0,12.0,4.0,0.0,0.0,0.0,0.0,0.0,0.0,0.0,0.0,1.0,0.0,0.0,1.0,0.0
0.056827441628345465,79.0,34.0,22.0,31.0,43.0,63.0,10.0,7.0,0.0,0.0,0.0,1.0,0.0,0.0,0.0,0.0,0.0,0.0,0.0,1.0,0.0
0.05660512812471312,150.0,55.0,30.0,78.0,24.0,0.0,12.0,8.0,0.0,0.0,0.0,0.0,0.0,1.0,0.0,0.0,0.0,0.0,0.0,0.0,1.0
0.056411955898688505,94.0,52.0,68.0,69.0,13.0,0.0,33.0,8.0,0.0,0.0,0.0,1.0,0.0,0.0,0.0,0.0,0.0,0.0,0.0,1.0,0.0
0.056320601444576505,133.0,85.0,81.0,67.0,26.0,0.0,12.0,5.0,0.0,0.0,0.0,0.0,0.0,0.0,0.0,1.0,0.0,0.0,0.0,0.0,1.0
0.05602324712305749,183.0,65.0,88.0,72.0,36.0,14.0,20.0,3.0,0.0,0.0,0.0,0.0,0.0,0.0,0.0,1.0,0.0,0.0,0.0,1.0,0.0
0.05596664510984419,75.0,80.0,46.0,62.0,3.0,6.0,11.0,46.0,0.0,0.0,1.0,0.0,0.0,0.0,0.0,0.0,0.0,0.0,0.0,0.0,1.0
0.05568013613680308,130.0,77.0,20.0,70.0,1.0,0.0,16.0,5.0,0.0,0.0,0.0,0.0,0.0,0.0,0.0,0.0,0.0,1.0,0.0,1.0,0.0
0.05565483565695975,139.0,70.0,77.0,48.0,37.0,0.0,12.0,5.0,0.0,0.0,0.0,0.0,0.0,1.0,0.0,0.0,0.0,0.0,0.0,0.0,1.0
0.05547754423005218,98.0,78.0,83.0,75.0,41.0,0.0,27.0,8.0,0.0,0.0,0.0,0.0,0.0,0.0,0.0,1.0,0.0,0.0,0.0,1.0,0.0
0.05499325480348532,151.0,73.0,88.0,67.0,20.0,0.0,32.0,5.0,0.0,0.0,0.0,0.0,0.0,0.0,0.0,0.0,0.0,1.0,0.0,1.0,0.0
0.05491190079532466,125.0,51.0,5.0,68.0,12.0,2.0,15.0,6.0,0.0,0.0,0.0,0.0,0.0,0.0,1.0,0.0,0.0,0.0,0.0,0.0,1.0
0.05489729212187217,107.0,78.0,39.0,53.0,30.0,0.0,11.0,6.0,0.0,0.0,0.0,0.0,1.0,0.0,0.0,0.0,0.0,0.0,0.0,1.0,0.0
0.05488044993034534,88.0,49.0,24.0,66.0,19.0,0.0,18.0,29.0,0.0,0.0,0.0,0.0,0.0,0.0,0.0,0.0,0.0,1.0,0.0,0.0,1.0
0.05470812181455888,84.0,71.0,39.0,86.0,2.0,0.0,51.0,25.0,0.0,0.0,0.0,0.0,0.0,0.0,0.0,1.0,0.0,0.0,0.0,0.0,1.0
0.054298638541921136,150.0,65.0,11.0,58.0,0.0,0.0,12.0,9.0,0.0,0.0,0.0,0.0,0.0,0.0,1.0,0.0,0.0,0.0,0.0,0.0,1.0
0.05387806852008362,170.0,78.0,75.0,46.0,62.0,0.0,12.0,35.0,0.0,0.0,0.0,0.0,1.0,0.0,0.0,0.0,0.0,0.0,0.0,0.0,1.0
0.053857797596210656,135.0,77.0,74.0,74.0,47.0,0.0,34.0,8.0,0.0,0.0,0.0,0.0,0.0,0.0,0.0,0.0,0.0,0.0,1.0,1.0,0.0
0.05373864416478394,137.0,88.0,8.0,49.0,9.0,0.0,9.0,14.0,0.0,1.0,0.0,0.0,0.0,0.0,0.0,0.0,0.0,0.0,0.0,0.0,1.0
0.05370629759084707,122.0,75.0,45.0,63.0,6.0,0.0,35.0,12.0,0.0,0.0,0.0,0.0,0.0,0.0,1.0,0.0,0.0,0.0,0.0,0.0,1.0
0.053607402732558714,143.0,68.0,41.0,55.0,16.0,0.0,10.0,12.0,0.0,0.0,0.0,1.0,0.0,0.0,0.0,0.0,0.0,0.0,0.0,1.0,0.0
0.05350739153628095,100.0,82.0,76.0,70.0,16.0,0.0,8.0,5.0,0.0,0.0,1.0,0.0,0.0,0.0,0.0,0.0,0.0,0.0,0.0,0.0,1.0
0.05346974144462424,121.0,94.0,71.0,61.0,12.0,0.0,53.0,42.0,0.0,0.0,0.0,0.0,0.0,0.0,0.0,0.0,1.0,0.0,0.0,0.0,1.0
0.05318488971560864,120.0,77.0,78.0,91.0,14.0,0.0,33.0,12.0,0.0,0.0,0.0,0.0,0.0,1.0,0.0,0.0,0.0,0.0,0.0,0.0,1.0
0.0531177323154822,106.0,83.0,90.0,64.0,35.0,5.0,9.0,4.0,1.0,0.0,0.0,0.0,0.0,0.0,0.0,0.0,0.0,0.0,0.0,0.0,1.0
0.05303257793014313,150.0,61.0,39.0,73.0,37.0,0.0,11.0,3.0,0.0,0.0,0.0,0.0,0.0,0.0,0.0,0.0,1.0,0.0,0.0,1.0,0.0
0.052706711937782855,115.0,78.0,63.0,64.0,1.0,0.0,7.0,4.0,0.0,0.0,0.0,0.0,0.0,0.0,0.0,0.0,0.0,0.0,1.0,0.0,1.0
0.052687206478757034,114.0,71.0,90.0,81.0,31.0,2.0,13.0,3.0,0.0,0.0,0.0,0.0,0.0,0.0,1.0,0.0,0.0,0.0,0.0,0.0,1.0
0.05268678150120713,161.0,59.0,62.0,60.0,12.0,0.0,5.0,44.0,0.0,1.0,0.0,0.0,0.0,0.0,0.0,0.0,0.0,0.0,0.0,0.0,1.0
0.052083077874294226,154.0,54.0,45.0,79.0,1.0,0.0,17.0,5.0,0.0,0.0,0.0,0.0,0.0,0.0,0.0,0.0,0.0,0.0,1.0,1.0,0.0
0.05204312858111094,160.0,60.0,47.0,62.0,3.0,0.0,38.0,4.0,0.0,0.0,0.0,0.0,1.0,0.0,0.0,0.0,0.0,0.0,0.0,1.0,0.0
0.052038648352132094,180.0,65.0,52.0,80.0,5.0,0.0,6.0,25.0,0.0,0.0,0.0,1.0,0.0,0.0,0.0,0.0,0.0,0.0,0.0,0.0,1.0
0.05199599031829058,96.0,72.0,40.0,47.0,71.0,0.0,13.0,4.0,0.0,0.0,0.0,0.0,1.0,0.0,0.0,0.0,0.0,0.0,0.0,1.0,0.0
0.05199496436522262,103.0,61.0,38.0,62.0,14.0,0.0,23.0,40.0,0.0,0.0,0.0,0.0,0.0,0.0,0.0,0.0,0.0,0.0,1.0,1.0,0.0
0.0519108073017031,141.0,59.0,56.0,63.0,12.0,0.0,6.0,36.0,0.0,0.0,0.0,1.0,0.0,0.0,0.0,0.0,0.0,0.0,0.0,1.0,0.0
0.05187972864295309,138.0,70.0,31.0,44.0,84.0,0.0,9.0,39.0,0.0,0.0,0.0,0.0,0.0,1.0,0.0,0.0,0.0,0.0,0.0,1.0,0.0
0.05184609646982299,150.0,37.0,27.0,56.0,8.0,0.0,13.0,3.0,0.0,0.0,0.0,0.0,0.0,0.0,1.0,0.0,0.0,0.0,0.0,1.0,0.0
0.051822491128304525,174.0,68.0,45.0,71.0,18.0,0.0,11.0,25.0,0.0,0.0,0.0,1.0,0.0,0.0,0.0,0.0,0.0,0.0,0.0,1.0,0.0
0.051734417759120396,108.0,44.0,38.0,77.0,9.0,0.0,9.0,20.0,0.0,0.0,0.0,0.0,0.0,0.0,0.0,0.0,1.0,0.0,0.0,0.0,1.0
0.05156529157128092,141.0,92.0,66.0,58.0,19.0,0.0,8.0,24.0,0.0,0.0,0.0,1.0,0.0,0.0,0.0,0.0,0.0,0.0,0.0,1.0,0.0
0.05144375248318537,90.0,68.0,54.0,76.0,21.0,0.0,11.0,20.0,0.0,0.0,1.0,0.0,0.0,0.0,0.0,0.0,0.0,0.0,0.0,0.0,1.0
0.05103895322664749,85.0,65.0,36.0,47.0,31.0,0.0,12.0,10.0,0.0,0.0,0.0,0.0,0.0,0.0,0.0,1.0,0.0,0.0,0.0,0.0,1.0
0.05091304815386822,96.0,57.0,55.0,74.0,22.0,0.0,8.0,4.0,0.0,0.0,0.0,0.0,0.0,0.0,0.0,1.0,0.0,0.0,0.0,1.0,0.0
0.05089779583872358,140.0,51.0,66.0,53.0,60.0,0.0,11.0,18.0,0.0,0.0,0.0,0.0,0.0,0.0,0.0,0.0,0.0,0.0,1.0,0.0,1.0
0.05068705441202137,93.0,63.0,93.0,88.0,1.0,0.0,12.0,4.0,0.0,0.0,0.0,0.0,0.0,0.0,0.0,1.0,0.0,0.0,0.0,1.0,0.0
0.05042932152782153,130.0,51.0,18.0,44.0,76.0,0.0,11.0,3.0,0.0,0.0,0.0,0.0,0.0,0.0,0.0,1.0,0.0,0.0,0.0,1.0,0.0
0.050261504798548955,172.0,74.0,46.0,58.0,15.0,0.0,13.0,8.0,0.0,0.0,0.0,0.0,0.0,0.0,0.0,0.0,0.0,0.0,1.0,0.0,1.0
0.05014895002778477,175.0,51.0,94.0,34.0,73.0,0.0,10.0,5.0,0.0,0.0,0.0,0.0,0.0,0.0,0.0,0.0,0.0,0.0,1.0,1.0,0.0
0.05010738587605156,82.0,79.0,48.0,84.0,13.0,0.0,21.0,23.0,0.0,1.0,0.0,0.0,0.0,0.0,0.0,0.0,0.0,0.0,0.0,1.0,0.0
0.04989076549967622,128.0,60.0,23.0,91.0,0.0,0.0,12.0,3.0,0.0,0.0,0.0,0.0,0.0,0.0,0.0,0.0,0.0,1.0,0.0,1.0,0.0
0.0498243101265328,158.0,48.0,55.0,84.0,43.0,0.0,15.0,12.0,0.0,0.0,0.0,0.0,0.0,0.0,0.0,0.0,0.0,1.0,0.0,1.0,0.0
0.04971932972446515,90.0,63.0,75.0,75.0,17.0,0.0,11.0,8.0,0.0,0.0,0.0,0.0,0.0,0.0,0.0,0.0,1.0,0.0,0.0,0.0,1.0
0.04955752303107166,125.0,79.0,96.0,85.0,27.0,0.0,11.0,6.0,0.0,0.0,0.0,0.0,0.0,0.0,0.0,1.0,0.0,0.0,0.0,0.0,1.0
0.049535470233033056,123.0,57.0,50.0,85.0,5.0,0.0,16.0,4.0,0.0,0.0,0.0,0.0,1.0,0.0,0.0,0.0,0.0,0.0,0.0,1.0,0.0
0.049483798969913256,135.0,93.0,77.0,45.0,25.0,0.0,13.0,27.0,0.0,0.0,0.0,0.0,0.0,1.0,0.0,0.0,0.0,0.0,0.0,0.0,1.0
0.049431328277426134,130.0,95.0,83.0,57.0,54.0,0.0,10.0,25.0,0.0,0.0,0.0,0.0,0.0,0.0,0.0,0.0,1.0,0.0,0.0,1.0,0.0
0.04923356017463499,176.0,72.0,96.0,63.0,25.0,0.0,21.0,7.0,0.0,0.0,0.0,0.0,0.0,0.0,1.0,0.0,0.0,0.0,0.0,0.0,1.0
0.04914892620434051,142.0,82.0,54.0,44.0,6.0,0.0,33.0,7.0,0.0,1.0,0.0,0.0,0.0,0.0,0.0,0.0,0.0,0.0,0.0,0.0,1.0
0.04884271079213769,87.0,87.0,52.0,52.0,31.0,0.0,28.0,24.0,0.0,0.0,0.0,0.0,0.0,0.0,0.0,0.0,0.0,1.0,0.0,1.0,0.0
0.048757155850019426,96.0,85.0,41.0,43.0,39.0,0.0,12.0,21.0,0.0,1.0,0.0,0.0,0.0,0.0,0.0,0.0,0.0,0.0,0.0,0.0,1.0
0.04873616493445855,120.0,62.0,32.0,76.0,0.0,0.0,39.0,4.0,0.0,0.0,0.0,0.0,0.0,0.0,0.0,0.0,0.0,1.0,0.0,1.0,0.0
0.048511199671966286,170.0,50.0,37.0,90.0,0.0,0.0,12.0,5.0,0.0,0.0,0.0,0.0,1.0,0.0,0.0,0.0,0.0,0.0,0.0,1.0,0.0
0.04821999685837732,122.0,55.0,46.0,64.0,0.0,0.0,17.0,10.0,0.0,1.0,0.0,0.0,0.0,0.0,0.0,0.0,0.0,0.0,0.0,0.0,1.0
0.047923680559962364,130.0,72.0,18.0,46.0,7.0,0.0,28.0,8.0,0.0,0.0,0.0,0.0,0.0,0.0,1.0,0.0,0.0,0.0,0.0,0.0,1.0
0.04791715123183274,136.0,73.0,65.0,91.0,4.0,0.0,48.0,18.0,0.0,0.0,0.0,0.0,0.0,0.0,1.0,0.0,0.0,0.0,0.0,0.0,1.0
0.047834146716410904,158.0,84.0,33.0,36.0,2.0,0.0,39.0,59.0,1.0,0.0,0.0,0.0,0.0,0.0,0.0,0.0,0.0,0.0,0.0,1.0,0.0
0.047348719899466096,101.0,90.0,76.0,81.0,15.0,24.0,33.0,6.0,0.0,0.0,0.0,0.0,0.0,0.0,0.0,0.0,0.0,1.0,0.0,1.0,0.0
0.04675519103228161,120.0,56.0,20.0,43.0,89.0,0.0,12.0,4.0,0.0,0.0,0.0,0.0,1.0,0.0,0.0,0.0,0.0,0.0,0.0,1.0,0.0
0.0464786227164084,116.0,90.0,96.0,73.0,62.0,0.0,9.0,4.0,0.0,0.0,0.0,0.0,0.0,0.0,0.0,0.0,0.0,1.0,0.0,1.0,0.0
0.04645037490217011,116.0,82.0,40.0,66.0,39.0,51.0,25.0,7.0,0.0,0.0,0.0,0.0,1.0,0.0,0.0,0.0,0.0,0.0,0.0,1.0,0.0
0.046274138620975944,154.0,70.0,97.0,62.0,47.0,0.0,10.0,4.0,0.0,0.0,0.0,0.0,0.0,0.0,0.0,0.0,1.0,0.0,0.0,0.0,1.0
0.04583280083889603,114.0,46.0,60.0,28.0,91.0,0.0,21.0,4.0,1.0,0.0,0.0,0.0,0.0,0.0,0.0,0.0,0.0,0.0,0.0,0.0,1.0
0.04572138458130384,96.0,93.0,47.0,47.0,33.0,0.0,10.0,36.0,0.0,0.0,0.0,0.0,1.0,0.0,0.0,0.0,0.0,0.0,0.0,1.0,0.0
0.04532108464124376,132.0,85.0,53.0,68.0,40.0,0.0,9.0,4.0,0.0,0.0,0.0,0.0,1.0,0.0,0.0,0.0,0.0,0.0,0.0,1.0,0.0
0.045148272881918014,77.0,81.0,68.0,58.0,83.0,0.0,11.0,34.0,0.0,0.0,1.0,0.0,0.0,0.0,0.0,0.0,0.0,0.0,0.0,1.0,0.0
0.044921012628376875,140.0,84.0,61.0,42.0,31.0,0.0,9.0,9.0,0.0,0.0,1.0,0.0,0.0,0.0,0.0,0.0,0.0,0.0,0.0,0.0,1.0
0.044697844959167024,102.0,84.0,43.0,75.0,5.0,0.0,6.0,8.0,1.0,0.0,0.0,0.0,0.0,0.0,0.0,0.0,0.0,0.0,0.0,1.0,0.0
0.044616528003210185,145.0,76.0,80.0,81.0,19.0,0.0,6.0,9.0,0.0,0.0,0.0,0.0,0.0,0.0,1.0,0.0,0.0,0.0,0.0,0.0,1.0
0.04434697883437319,95.0,69.0,90.0,91.0,6.0,0.0,35.0,4.0,0.0,0.0,0.0,0.0,0.0,1.0,0.0,0.0,0.0,0.0,0.0,0.0,1.0
0.04410733865357919,110.0,81.0,61.0,93.0,49.0,0.0,12.0,11.0,0.0,0.0,0.0,0.0,0.0,0.0,0.0,1.0,0.0,0.0,0.0,0.0,1.0
0.04408541609965099,98.0,71.0,67.0,60.0,19.0,0.0,12.0,3.0,0.0,0.0,0.0,0.0,0.0,0.0,0.0,0.0,0.0,0.0,1.0,1.0,0.0
0.04404035051465657,87.0,52.0,32.0,83.0,24.0,0.0,17.0,43.0,0.0,0.0,0.0,0.0,0.0,0.0,0.0,0.0,0.0,0.0,1.0,1.0,0.0
0.04400641209944791,140.0,58.0,26.0,38.0,91.0,0.0,10.0,4.0,0.0,0.0,1.0,0.0,0.0,0.0,0.0,0.0,0.0,0.0,0.0,1.0,0.0
0.0439729952220779,90.0,73.0,31.0,45.0,85.0,24.0,11.0,3.0,0.0,0.0,0.0,0.0,0.0,0.0,1.0,0.0,0.0,0.0,0.0,0.0,1.0
0.04388324411787675,133.0,70.0,86.0,81.0,25.0,0.0,25.0,5.0,0.0,0.0,0.0,0.0,0.0,0.0,0.0,1.0,0.0,0.0,0.0,1.0,0.0
0.04388324411787675,133.0,66.0,74.0,84.0,25.0,0.0,21.0,4.0,0.0,0.0,0.0,0.0,0.0,0.0,0.0,1.0,0.0,0.0,0.0,1.0,0.0
0.04384845883525194,110.0,81.0,64.0,79.0,5.0,0.0,31.0,3.0,0.0,0.0,0.0,0.0,0.0,0.0,0.0,0.0,0.0,0.0,1.0,0.0,1.0
0.04373086945594414,97.0,78.0,31.0,72.0,1.0,0.0,11.0,4.0,0.0,0.0,0.0,0.0,1.0,0.0,0.0,0.0,0.0,0.0,0.0,1.0,0.0
0.043691053775253424,78.0,67.0,22.0,59.0,76.0,1.0,15.0,16.0,1.0,0.0,0.0,0.0,0.0,0.0,0.0,0.0,0.0,0.0,0.0,1.0,0.0
0.04346908160101387,131.0,91.0,23.0,55.0,1.0,0.0,7.0,32.0,0.0,0.0,0.0,0.0,0.0,0.0,0.0,0.0,0.0,0.0,1.0,0.0,1.0
0.04345075704063563,120.0,72.0,54.0,71.0,26.0,0.0,10.0,4.0,0.0,0.0,0.0,0.0,0.0,0.0,1.0,0.0,0.0,0.0,0.0,1.0,0.0
0.043326992855421145,145.0,66.0,24.0,58.0,17.0,0.0,19.0,5.0,1.0,0.0,0.0,0.0,0.0,0.0,0.0,0.0,0.0,0.0,0.0,1.0,0.0
0.043260350256369026,135.0,89.0,89.0,86.0,16.0,0.0,8.0,5.0,0.0,0.0,0.0,0.0,0.0,0.0,0.0,1.0,0.0,0.0,0.0,0.0,1.0
0.04307362651730206,154.0,59.0,63.0,89.0,18.0,0.0,80.0,9.0,0.0,0.0,0.0,0.0,0.0,0.0,0.0,0.0,1.0,0.0,0.0,1.0,0.0
0.04305052025774115,107.0,92.0,55.0,70.0,18.0,0.0,15.0,7.0,0.0,0.0,0.0,0.0,0.0,0.0,0.0,0.0,1.0,0.0,0.0,0.0,1.0
0.04301371170022883,104.0,80.0,24.0,65.0,2.0,0.0,9.0,4.0,0.0,0.0,0.0,0.0,1.0,0.0,0.0,0.0,0.0,0.0,0.0,0.0,1.0
0.042244621912474384,158.0,83.0,41.0,65.0,0.0,10.0,11.0,8.0,0.0,0.0,1.0,0.0,0.0,0.0,0.0,0.0,0.0,0.0,0.0,1.0,0.0
0.04167437389932639,142.0,61.0,92.0,91.0,0.0,0.0,26.0,3.0,0.0,0.0,0.0,0.0,0.0,0.0,0.0,0.0,0.0,1.0,0.0,1.0,0.0
0.041672183328124654,140.0,70.0,26.0,76.0,8.0,0.0,54.0,23.0,0.0,0.0,0.0,0.0,0.0,0.0,1.0,0.0,0.0,0.0,0.0,0.0,1.0
0.041413194598774045,107.0,66.0,47.0,40.0,72.0,0.0,11.0,3.0,0.0,0.0,1.0,0.0,0.0,0.0,0.0,0.0,0.0,0.0,0.0,0.0,1.0
0.041343403685191085,182.0,57.0,80.0,59.0,8.0,0.0,6.0,5.0,1.0,0.0,0.0,0.0,0.0,0.0,0.0,0.0,0.0,0.0,0.0,1.0,0.0
0.041096201767133675,94.0,82.0,53.0,67.0,34.0,0.0,9.0,8.0,0.0,0.0,1.0,0.0,0.0,0.0,0.0,0.0,0.0,0.0,0.0,1.0,0.0
0.04108313777760266,108.0,71.0,55.0,44.0,74.0,0.0,11.0,6.0,0.0,0.0,0.0,0.0,0.0,0.0,0.0,0.0,1.0,0.0,0.0,1.0,0.0
0.04104394159853191,138.0,80.0,82.0,81.0,14.0,0.0,13.0,36.0,0.0,1.0,0.0,0.0,0.0,0.0,0.0,0.0,0.0,0.0,0.0,1.0,0.0
0.0408291864637808,108.0,67.0,55.0,67.0,60.0,0.0,80.0,5.0,0.0,0.0,0.0,0.0,1.0,0.0,0.0,0.0,0.0,0.0,0.0,1.0,0.0
0.04058396318954721,92.0,57.0,68.0,76.0,7.0,0.0,33.0,3.0,0.0,0.0,0.0,0.0,0.0,0.0,0.0,1.0,0.0,0.0,0.0,1.0,0.0
0.04057844746375094,143.0,83.0,69.0,44.0,15.0,0.0,10.0,33.0,0.0,0.0,0.0,0.0,0.0,1.0,0.0,0.0,0.0,0.0,0.0,1.0,0.0
0.04030016997462717,166.0,57.0,84.0,94.0,11.0,0.0,37.0,9.0,0.0,0.0,0.0,1.0,0.0,0.0,0.0,0.0,0.0,0.0,0.0,1.0,0.0
0.040178224154385114,154.0,79.0,86.0,52.0,66.0,0.0,9.0,7.0,0.0,0.0,0.0,0.0,1.0,0.0,0.0,0.0,0.0,0.0,0.0,0.0,1.0
0.03988515722196597,192.0,50.0,85.0,52.0,11.0,0.0,28.0,6.0,0.0,0.0,1.0,0.0,0.0,0.0,0.0,0.0,0.0,0.0,0.0,1.0,0.0
0.03978009850501296,104.0,73.0,25.0,61.0,1.0,0.0,32.0,7.0,0.0,0.0,0.0,1.0,0.0,0.0,0.0,0.0,0.0,0.0,0.0,1.0,0.0
0.03968485862207287,125.0,80.0,89.0,83.0,31.0,0.0,8.0,4.0,0.0,0.0,1.0,0.0,0.0,0.0,0.0,0.0,0.0,0.0,0.0,1.0,0.0
0.039349512318107335,116.0,77.0,65.0,80.0,6.0,0.0,15.0,4.0,0.0,0.0,0.0,0.0,0.0,0.0,0.0,0.0,0.0,0.0,1.0,0.0,1.0
0.03929813213934635,138.0,51.0,32.0,53.0,17.0,0.0,31.0,6.0,0.0,0.0,0.0,0.0,0.0,0.0,0.0,1.0,0.0,0.0,0.0,1.0,0.0
0.039250997806305185,94.0,59.0,44.0,56.0,80.0,0.0,6.0,3.0,1.0,0.0,0.0,0.0,0.0,0.0,0.0,0.0,0.0,0.0,0.0,1.0,0.0
0.039207744410915894,120.0,77.0,94.0,66.0,65.0,0.0,38.0,3.0,0.0,0.0,0.0,0.0,1.0,0.0,0.0,0.0,0.0,0.0,0.0,1.0,0.0
0.03907072087000479,119.0,87.0,28.0,50.0,12.0,0.0,10.0,10.0,0.0,0.0,0.0,1.0,0.0,0.0,0.0,0.0,0.0,0.0,0.0,0.0,1.0
0.03888092769268936,154.0,63.0,75.0,92.0,31.0,0.0,91.0,5.0,0.0,0.0,0.0,0.0,0.0,0.0,0.0,0.0,1.0,0.0,0.0,1.0,0.0
0.03882949446190927,92.0,83.0,56.0,82.0,10.0,0.0,9.0,5.0,0.0,0.0,0.0,0.0,0.0,0.0,0.0,0.0,1.0,0.0,0.0,1.0,0.0
0.03848969403392667,134.0,70.0,35.0,41.0,41.0,0.0,10.0,3.0,0.0,0.0,0.0,0.0,0.0,0.0,0.0,0.0,0.0,1.0,0.0,1.0,0.0
0.038453883921027956,100.0,87.0,46.0,60.0,1.0,0.0,13.0,16.0,0.0,0.0,0.0,0.0,0.0,0.0,0.0,0.0,1.0,0.0,0.0,1.0,0.0
0.038367777967727085,100.0,70.0,92.0,59.0,3.0,0.0,10.0,3.0,0.0,0.0,1.0,0.0,0.0,0.0,0.0,0.0,0.0,0.0,0.0,0.0,1.0
0.0383641162556145,120.0,88.0,15.0,56.0,1.0,0.0,8.0,6.0,0.0,0.0,0.0,0.0,0.0,0.0,0.0,0.0,0.0,1.0,0.0,1.0,0.0
0.03806514904043516,155.0,49.0,42.0,77.0,3.0,0.0,12.0,9.0,0.0,0.0,0.0,0.0,0.0,0.0,0.0,0.0,0.0,0.0,1.0,1.0,0.0
0.038018233652234765,200.0,39.0,28.0,77.0,4.0,0.0,6.0,29.0,0.0,0.0,1.0,0.0,0.0,0.0,0.0,0.0,0.0,0.0,0.0,0.0,1.0
0.037915741923190506,123.0,52.0,44.0,60.0,40.0,0.0,26.0,3.0,0.0,0.0,0.0,0.0,0.0,0.0,0.0,0.0,0.0,1.0,0.0,1.0,0.0
0.03769549071153909,135.0,81.0,97.0,77.0,75.0,0.0,35.0,3.0,0.0,0.0,0.0,0.0,0.0,0.0,0.0,1.0,0.0,0.0,0.0,1.0,0.0
0.03768462543346671,122.0,64.0,25.0,89.0,0.0,0.0,15.0,9.0,0.0,0.0,0.0,0.0,0.0,0.0,0.0,0.0,0.0,0.0,1.0,1.0,0.0
0.03758352400416134,97.0,82.0,67.0,77.0,8.0,0.0,12.0,5.0,0.0,0.0,0.0,1.0,0.0,0.0,0.0,0.0,0.0,0.0,0.0,1.0,0.0
0.037543697095530064,74.0,53.0,24.0,67.0,11.0,0.0,10.0,28.0,0.0,1.0,0.0,0.0,0.0,0.0,0.0,0.0,0.0,0.0,0.0,0.0,1.0
0.03753318746247468,92.0,71.0,61.0,74.0,7.0,0.0,10.0,4.0,0.0,0.0,0.0,1.0,0.0,0.0,0.0,0.0,0.0,0.0,0.0,1.0,0.0
0.03709970165992144,144.0,47.0,7.0,50.0,32.0,0.0,7.0,4.0,0.0,0.0,0.0,0.0,0.0,0.0,1.0,0.0,0.0,0.0,0.0,1.0,0.0
0.036980180232743125,183.0,44.0,44.0,67.0,7.0,0.0,12.0,13.0,0.0,0.0,0.0,0.0,0.0,0.0,0.0,0.0,0.0,0.0,1.0,0.0,1.0
0.03667411443284817,121.0,70.0,35.0,77.0,1.0,0.0,26.0,4.0,0.0,1.0,0.0,0.0,0.0,0.0,0.0,0.0,0.0,0.0,0.0,0.0,1.0
0.03660775983047121,140.0,44.0,41.0,92.0,0.0,0.0,44.0,7.0,0.0,0.0,0.0,0.0,0.0,0.0,0.0,1.0,0.0,0.0,0.0,0.0,1.0
0.0362976710594764,130.0,71.0,78.0,40.0,46.0,0.0,7.0,45.0,0.0,0.0,0.0,0.0,0.0,1.0,0.0,0.0,0.0,0.0,0.0,0.0,1.0
0.03580724359850815,100.0,49.0,17.0,35.0,71.0,9.0,11.0,3.0,0.0,0.0,0.0,0.0,0.0,0.0,0.0,0.0,1.0,0.0,0.0,0.0,1.0
0.035762728743997815,110.0,67.0,78.0,85.0,2.0,0.0,33.0,5.0,0.0,0.0,1.0,0.0,0.0,0.0,0.0,0.0,0.0,0.0,0.0,0.0,1.0
0.0357347223304814,153.0,55.0,50.0,78.0,19.0,0.0,11.0,35.0,0.0,1.0,0.0,0.0,0.0,0.0,0.0,0.0,0.0,0.0,0.0,0.0,1.0
0.035655715523293184,107.0,69.0,96.0,36.0,81.0,0.0,8.0,4.0,0.0,0.0,0.0,0.0,0.0,0.0,0.0,0.0,1.0,0.0,0.0,0.0,1.0
0.03565540619353097,133.0,78.0,90.0,84.0,31.0,0.0,7.0,4.0,1.0,0.0,0.0,0.0,0.0,0.0,0.0,0.0,0.0,0.0,0.0,0.0,1.0
0.035491865064020675,84.0,71.0,63.0,45.0,45.0,0.0,11.0,3.0,0.0,0.0,0.0,0.0,0.0,0.0,1.0,0.0,0.0,0.0,0.0,0.0,1.0
0.035420880058959985,134.0,78.0,51.0,43.0,69.0,0.0,14.0,9.0,0.0,0.0,0.0,0.0,0.0,0.0,0.0,0.0,0.0,1.0,0.0,1.0,0.0
0.035344018069115746,140.0,66.0,43.0,76.0,49.0,0.0,12.0,3.0,0.0,0.0,0.0,0.0,0.0,1.0,0.0,0.0,0.0,0.0,0.0,0.0,1.0
0.03508336339408571,170.0,56.0,56.0,63.0,13.0,0.0,19.0,27.0,0.0,0.0,0.0,0.0,0.0,0.0,0.0,0.0,1.0,0.0,0.0,0.0,1.0
0.034920205979443786,110.0,63.0,31.0,35.0,93.0,0.0,29.0,3.0,0.0,1.0,0.0,0.0,0.0,0.0,0.0,0.0,0.0,0.0,0.0,1.0,0.0
0.03465794598961329,126.0,81.0,90.0,73.0,28.0,0.0,29.0,4.0,1.0,0.0,0.0,0.0,0.0,0.0,0.0,0.0,0.0,0.0,0.0,1.0,0.0
0.03458597404857806,140.0,92.0,78.0,57.0,46.0,0.0,14.0,9.0,0.0,0.0,0.0,1.0,0.0,0.0,0.0,0.0,0.0,0.0,0.0,0.0,1.0
0.03456240491716788,122.0,68.0,38.0,88.0,1.0,0.0,8.0,5.0,0.0,0.0,0.0,0.0,0.0,0.0,1.0,0.0,0.0,0.0,0.0,0.0,1.0
0.034559969857560616,144.0,75.0,35.0,48.0,84.0,0.0,10.0,12.0,0.0,0.0,1.0,0.0,0.0,0.0,0.0,0.0,0.0,0.0,0.0,1.0,0.0
0.03445880499039112,135.0,92.0,73.0,51.0,55.0,0.0,15.0,6.0,0.0,0.0,0.0,0.0,1.0,0.0,0.0,0.0,0.0,0.0,0.0,1.0,0.0
0.03420847749438249,166.0,42.0,7.0,24.0,83.0,1.0,12.0,6.0,0.0,0.0,0.0,0.0,0.0,0.0,0.0,0.0,1.0,0.0,0.0,1.0,0.0
0.03401686875907977,90.0,85.0,80.0,83.0,10.0,0.0,8.0,11.0,0.0,0.0,0.0,1.0,0.0,0.0,0.0,0.0,0.0,0.0,0.0,1.0,0.0
0.03398560231302402,96.0,71.0,37.0,52.0,62.0,0.0,11.0,36.0,0.0,0.0,1.0,0.0,0.0,0.0,0.0,0.0,0.0,0.0,0.0,1.0,0.0
0.03395595633948847,90.0,68.0,83.0,71.0,3.0,0.0,31.0,8.0,0.0,1.0,0.0,0.0,0.0,0.0,0.0,0.0,0.0,0.0,0.0,0.0,1.0
0.033920842078205476,105.0,91.0,73.0,72.0,13.0,0.0,9.0,15.0,1.0,0.0,0.0,0.0,0.0,0.0,0.0,0.0,0.0,0.0,0.0,0.0,1.0
0.03346924280055638,121.0,80.0,62.0,51.0,2.0,0.0,9.0,8.0,0.0,0.0,0.0,0.0,0.0,0.0,0.0,0.0,0.0,1.0,0.0,0.0,1.0
0.03334908615264132,85.0,70.0,83.0,84.0,31.0,0.0,47.0,30.0,0.0,0.0,0.0,0.0,0.0,0.0,0.0,0.0,0.0,1.0,0.0,1.0,0.0
0.03325704342577347,93.0,62.0,57.0,59.0,3.0,0.0,38.0,3.0,0.0,0.0,0.0,0.0,0.0,0.0,0.0,0.0,0.0,1.0,0.0,1.0,0.0
0.03305088720929428,98.0,44.0,36.0,41.0,50.0,0.0,38.0,5.0,0.0,0.0,0.0,0.0,0.0,0.0,0.0,1.0,0.0,0.0,0.0,1.0,0.0
0.0328990540147948,87.0,65.0,71.0,56.0,4.0,0.0,15.0,20.0,0.0,0.0,0.0,0.0,0.0,0.0,0.0,1.0,0.0,0.0,0.0,0.0,1.0
0.03281388559453004,123.0,74.0,35.0,73.0,0.0,0.0,21.0,5.0,0.0,0.0,0.0,0.0,0.0,0.0,0.0,0.0,1.0,0.0,0.0,0.0,1.0
0.03272861247371963,94.0,68.0,81.0,82.0,53.0,0.0,9.0,13.0,0.0,0.0,1.0,0.0,0.0,0.0,0.0,0.0,0.0,0.0,0.0,0.0,1.0
0.03265417431554211,142.0,70.0,76.0,79.0,26.0,0.0,11.0,7.0,0.0,0.0,0.0,0.0,0.0,0.0,0.0,0.0,0.0,1.0,0.0,0.0,1.0
0.0326007686163055,130.0,89.0,48.0,74.0,30.0,0.0,7.0,36.0,0.0,0.0,0.0,0.0,0.0,0.0,1.0,0.0,0.0,0.0,0.0,0.0,1.0
0.032381885529210376,99.0,85.0,83.0,68.0,7.0,0.0,36.0,20.0,0.0,0.0,0.0,1.0,0.0,0.0,0.0,0.0,0.0,0.0,0.0,1.0,0.0
0.03237268731961149,150.0,70.0,26.0,56.0,14.0,83.0,11.0,5.0,0.0,0.0,0.0,0.0,0.0,0.0,0.0,1.0,0.0,0.0,0.0,0.0,1.0
0.03228237201139759,91.0,82.0,47.0,62.0,10.0,0.0,10.0,15.0,0.0,0.0,0.0,0.0,0.0,0.0,0.0,0.0,0.0,1.0,0.0,1.0,0.0
0.03215220565448024,117.0,63.0,29.0,51.0,43.0,0.0,25.0,4.0,0.0,0.0,0.0,0.0,1.0,0.0,0.0,0.0,0.0,0.0,0.0,1.0,0.0
0.03186117154069807,155.0,82.0,51.0,39.0,2.0,0.0,9.0,49.0,0.0,0.0,0.0,1.0,0.0,0.0,0.0,0.0,0.0,0.0,0.0,1.0,0.0
0.031559955930423156,144.0,93.0,62.0,61.0,0.0,0.0,12.0,20.0,0.0,0.0,0.0,0.0,0.0,0.0,0.0,1.0,0.0,0.0,0.0,1.0,0.0
0.03142276761948445,130.0,86.0,59.0,96.0,50.0,1.0,9.0,5.0,0.0,0.0,1.0,0.0,0.0,0.0,0.0,0.0,0.0,0.0,0.0,1.0,0.0
0.031114388863835735,65.0,71.0,55.0,26.0,85.0,0.0,13.0,8.0,1.0,0.0,0.0,0.0,0.0,0.0,0.0,0.0,0.0,0.0,0.0,0.0,1.0
0.031058513017677643,112.0,80.0,15.0,54.0,9.0,0.0,38.0,5.0,0.0,0.0,0.0,0.0,0.0,0.0,0.0,0.0,0.0,0.0,1.0,1.0,0.0
0.030896622395428525,125.0,62.0,59.0,43.0,84.0,3.0,11.0,5.0,0.0,0.0,0.0,0.0,0.0,0.0,0.0,0.0,1.0,0.0,0.0,1.0,0.0
0.030541774562216368,88.0,56.0,58.0,55.0,35.0,0.0,23.0,11.0,0.0,0.0,0.0,0.0,1.0,0.0,0.0,0.0,0.0,0.0,0.0,0.0,1.0
0.03024557026250842,106.0,72.0,17.0,64.0,7.0,0.0,10.0,5.0,0.0,1.0,0.0,0.0,0.0,0.0,0.0,0.0,0.0,0.0,0.0,0.0,1.0
0.03021440121883696,125.0,71.0,83.0,89.0,1.0,0.0,17.0,9.0,0.0,1.0,0.0,0.0,0.0,0.0,0.0,0.0,0.0,0.0,0.0,0.0,1.0
0.030105676298595143,147.0,47.0,50.0,80.0,10.0,0.0,32.0,38.0,0.0,0.0,0.0,0.0,0.0,0.0,0.0,0.0,0.0,0.0,1.0,0.0,1.0
0.030015188922192283,88.0,89.0,59.0,64.0,5.0,0.0,19.0,7.0,0.0,0.0,0.0,0.0,0.0,0.0,0.0,0.0,0.0,1.0,0.0,1.0,0.0
0.03001141998324742,150.0,82.0,82.0,66.0,13.0,0.0,11.0,6.0,0.0,0.0,0.0,0.0,0.0,0.0,0.0,0.0,0.0,0.0,1.0,0.0,1.0
0.029823222576982975,120.0,64.0,11.0,53.0,1.0,0.0,25.0,27.0,0.0,0.0,0.0,0.0,1.0,0.0,0.0,0.0,0.0,0.0,0.0,1.0,0.0
0.02949004326554402,137.0,84.0,44.0,67.0,8.0,0.0,11.0,6.0,0.0,0.0,0.0,1.0,0.0,0.0,0.0,0.0,0.0,0.0,0.0,0.0,1.0
0.0294705886129492,148.0,90.0,74.0,68.0,14.0,0.0,10.0,19.0,1.0,0.0,0.0,0.0,0.0,0.0,0.0,0.0,0.0,0.0,0.0,1.0,0.0
0.029125209302004722,144.0,74.0,75.0,73.0,42.0,0.0,9.0,4.0,0.0,0.0,0.0,0.0,0.0,0.0,0.0,1.0,0.0,0.0,0.0,1.0,0.0
0.028568732638642538,166.0,70.0,22.0,61.0,2.0,0.0,10.0,34.0,0.0,0.0,0.0,0.0,1.0,0.0,0.0,0.0,0.0,0.0,0.0,1.0,0.0
0.028382050442955616,87.0,49.0,49.0,59.0,44.0,0.0,35.0,21.0,0.0,0.0,0.0,0.0,0.0,0.0,1.0,0.0,0.0,0.0,0.0,0.0,1.0
0.02818405385157423,124.0,72.0,79.0,78.0,55.0,0.0,15.0,30.0,0.0,0.0,1.0,0.0,0.0,0.0,0.0,0.0,0.0,0.0,0.0,0.0,1.0
0.027706786659727232,152.0,65.0,35.0,65.0,44.0,18.0,21.0,7.0,0.0,0.0,0.0,1.0,0.0,0.0,0.0,0.0,0.0,0.0,0.0,1.0,0.0
0.027398331834781277,145.0,56.0,43.0,53.0,24.0,0.0,12.0,4.0,0.0,0.0,0.0,0.0,0.0,0.0,0.0,0.0,0.0,1.0,0.0,1.0,0.0
0.02702312213137768,130.0,82.0,69.0,83.0,3.0,0.0,27.0,5.0,0.0,0.0,0.0,0.0,0.0,0.0,1.0,0.0,0.0,0.0,0.0,0.0,1.0
0.026996885521990806,119.0,60.0,10.0,57.0,1.0,0.0,50.0,3.0,1.0,0.0,0.0,0.0,0.0,0.0,0.0,0.0,0.0,0.0,0.0,0.0,1.0
0.026948356678733056,90.0,61.0,32.0,67.0,15.0,0.0,11.0,5.0,0.0,0.0,0.0,0.0,0.0,0.0,1.0,0.0,0.0,0.0,0.0,0.0,1.0
0.02689464024624167,89.0,73.0,44.0,57.0,39.0,0.0,32.0,6.0,0.0,0.0,0.0,0.0,0.0,0.0,0.0,0.0,0.0,1.0,0.0,0.0,1.0
0.026840500239692953,104.0,56.0,72.0,85.0,0.0,0.0,15.0,3.0,0.0,0.0,0.0,0.0,0.0,0.0,0.0,0.0,0.0,0.0,1.0,1.0,0.0
0.026726583519739788,130.0,85.0,22.0,62.0,12.0,0.0,28.0,9.0,0.0,0.0,0.0,1.0,0.0,0.0,0.0,0.0,0.0,0.0,0.0,0.0,1.0
0.02670263516463746,172.0,74.0,76.0,76.0,6.0,0.0,10.0,9.0,0.0,0.0,0.0,1.0,0.0,0.0,0.0,0.0,0.0,0.0,0.0,0.0,1.0
0.026557931993087154,71.0,59.0,70.0,74.0,56.0,0.0,11.0,40.0,0.0,0.0,0.0,1.0,0.0,0.0,0.0,0.0,0.0,0.0,0.0,0.0,1.0
0.026437225737482067,90.0,60.0,13.0,53.0,4.0,0.0,21.0,4.0,1.0,0.0,0.0,0.0,0.0,0.0,0.0,0.0,0.0,0.0,0.0,0.0,1.0
0.02638650913000772,150.0,73.0,71.0,69.0,53.0,0.0,32.0,9.0,0.0,1.0,0.0,0.0,0.0,0.0,0.0,0.0,0.0,0.0,0.0,0.0,1.0
0.026269143186716918,83.0,53.0,40.0,36.0,73.0,0.0,11.0,33.0,0.0,0.0,0.0,1.0,0.0,0.0,0.0,0.0,0.0,0.0,0.0,1.0,0.0
0.026227387879295804,140.0,86.0,68.0,79.0,39.0,0.0,11.0,29.0,0.0,0.0,0.0,0.0,0.0,0.0,0.0,0.0,1.0,0.0,0.0,1.0,0.0
0.026207353584269975,142.0,85.0,40.0,43.0,4.0,0.0,39.0,32.0,0.0,0.0,0.0,0.0,0.0,0.0,0.0,1.0,0.0,0.0,0.0,0.0,1.0
0.025833344709108436,104.0,80.0,38.0,88.0,11.0,0.0,11.0,5.0,0.0,0.0,0.0,0.0,0.0,0.0,1.0,0.0,0.0,0.0,0.0,0.0,1.0
0.025762088829981922,83.0,63.0,29.0,62.0,4.0,0.0,18.0,4.0,0.0,0.0,0.0,0.0,0.0,1.0,0.0,0.0,0.0,0.0,0.0,0.0,1.0
0.025726934990208485,110.0,75.0,85.0,84.0,10.0,0.0,31.0,19.0,0.0,0.0,0.0,0.0,1.0,0.0,0.0,0.0,0.0,0.0,0.0,1.0,0.0
0.025675661757581257,144.0,60.0,24.0,39.0,57.0,0.0,8.0,3.0,1.0,0.0,0.0,0.0,0.0,0.0,0.0,0.0,0.0,0.0,0.0,1.0,0.0
0.02560499927511293,137.0,77.0,35.0,88.0,16.0,0.0,17.0,9.0,0.0,0.0,0.0,0.0,0.0,0.0,0.0,0.0,0.0,0.0,1.0,1.0,0.0
0.025497808372249058,127.0,82.0,89.0,85.0,4.0,0.0,23.0,6.0,0.0,0.0,1.0,0.0,0.0,0.0,0.0,0.0,0.0,0.0,0.0,0.0,1.0
0.025430093785572712,130.0,65.0,49.0,80.0,22.0,4.0,7.0,5.0,0.0,0.0,0.0,0.0,0.0,0.0,0.0,0.0,1.0,0.0,0.0,0.0,1.0
0.025269180836247178,123.0,70.0,86.0,68.0,24.0,0.0,11.0,4.0,0.0,0.0,0.0,0.0,0.0,0.0,0.0,0.0,0.0,1.0,0.0,0.0,1.0
0.02524332148566286,129.0,70.0,42.0,43.0,78.0,0.0,11.0,3.0,0.0,0.0,0.0,0.0,0.0,0.0,0.0,0.0,0.0,0.0,1.0,1.0,0.0
0.02514041151583303,138.0,72.0,22.0,46.0,24.0,0.0,9.0,6.0,0.0,0.0,0.0,1.0,0.0,0.0,0.0,0.0,0.0,0.0,0.0,0.0,1.0
0.02492275704613283,121.0,64.0,67.0,80.0,0.0,0.0,36.0,3.0,0.0,0.0,0.0,0.0,0.0,0.0,0.0,0.0,1.0,0.0,0.0,0.0,1.0
0.024729843904836457,135.0,41.0,27.0,64.0,36.0,0.0,60.0,3.0,0.0,0.0,0.0,1.0,0.0,0.0,0.0,0.0,0.0,0.0,0.0,1.0,0.0
0.024356454250596373,146.0,61.0,20.0,48.0,21.0,0.0,12.0,6.0,0.0,0.0,1.0,0.0,0.0,0.0,0.0,0.0,0.0,0.0,0.0,0.0,1.0
0.024264163386242314,140.0,65.0,87.0,74.0,22.0,0.0,42.0,4.0,0.0,0.0,0.0,0.0,0.0,0.0,0.0,1.0,0.0,0.0,0.0,0.0,1.0
0.024188949658071147,123.0,61.0,66.0,71.0,53.0,0.0,32.0,46.0,0.0,0.0,0.0,0.0,0.0,0.0,0.0,0.0,0.0,0.0,1.0,1.0,0.0
0.02411824226384061,157.0,88.0,52.0,69.0,0.0,0.0,8.0,23.0,1.0,0.0,0.0,0.0,0.0,0.0,0.0,0.0,0.0,0.0,0.0,1.0,0.0
0.024015611308333504,162.0,74.0,22.0,67.0,0.0,0.0,11.0,46.0,0.0,0.0,0.0,0.0,0.0,0.0,0.0,1.0,0.0,0.0,0.0,0.0,1.0
0.023773751363692325,83.0,65.0,24.0,53.0,6.0,0.0,51.0,4.0,0.0,0.0,0.0,0.0,0.0,1.0,0.0,0.0,0.0,0.0,0.0,0.0,1.0
0.023303227392242474,144.0,68.0,83.0,81.0,9.0,0.0,8.0,4.0,0.0,0.0,0.0,0.0,1.0,0.0,0.0,0.0,0.0,0.0,0.0,1.0,0.0
0.022853526197943726,98.0,70.0,29.0,73.0,12.0,0.0,11.0,26.0,0.0,0.0,0.0,1.0,0.0,0.0,0.0,0.0,0.0,0.0,0.0,1.0,0.0
0.022834257929162074,120.0,84.0,54.0,51.0,47.0,0.0,12.0,40.0,0.0,0.0,0.0,1.0,0.0,0.0,0.0,0.0,0.0,0.0,0.0,0.0,1.0
0.022764506594069558,124.0,84.0,65.0,50.0,67.0,0.0,13.0,6.0,0.0,0.0,0.0,0.0,0.0,1.0,0.0,0.0,0.0,0.0,0.0,0.0,1.0
0.02266797353307636,78.0,71.0,80.0,65.0,51.0,0.0,22.0,32.0,0.0,0.0,0.0,0.0,0.0,0.0,0.0,0.0,0.0,0.0,1.0,1.0,0.0
0.022201149448736975,158.0,60.0,68.0,84.0,4.0,0.0,24.0,11.0,0.0,0.0,0.0,0.0,0.0,0.0,0.0,0.0,0.0,0.0,1.0,0.0,1.0
0.02203120025285502,140.0,81.0,6.0,84.0,5.0,23.0,6.0,6.0,0.0,0.0,0.0,1.0,0.0,0.0,0.0,0.0,0.0,0.0,0.0,0.0,1.0
0.02197810191849103,130.0,79.0,96.0,86.0,9.0,0.0,9.0,9.0,0.0,0.0,0.0,0.0,0.0,0.0,0.0,0.0,0.0,1.0,0.0,0.0,1.0
0.02193299198313143,80.0,33.0,51.0,59.0,76.0,0.0,44.0,6.0,0.0,0.0,0.0,0.0,0.0,0.0,0.0,1.0,0.0,0.0,0.0,0.0,1.0
0.021718974804773118,134.0,67.0,11.0,76.0,8.0,47.0,30.0,7.0,0.0,0.0,1.0,0.0,0.0,0.0,0.0,0.0,0.0,0.0,0.0,0.0,1.0
0.021707822091422604,127.0,60.0,40.0,89.0,9.0,0.0,60.0,6.0,0.0,0.0,0.0,0.0,0.0,0.0,1.0,0.0,0.0,0.0,0.0,0.0,1.0
0.021699917621273844,158.0,54.0,50.0,40.0,61.0,0.0,10.0,6.0,0.0,1.0,0.0,0.0,0.0,0.0,0.0,0.0,0.0,0.0,0.0,1.0,0.0
0.02167848067577453,117.0,77.0,69.0,58.0,39.0,0.0,26.0,5.0,0.0,0.0,0.0,0.0,0.0,0.0,0.0,0.0,1.0,0.0,0.0,0.0,1.0
0.02158792817731647,110.0,76.0,26.0,70.0,1.0,0.0,41.0,6.0,0.0,0.0,1.0,0.0,0.0,0.0,0.0,0.0,0.0,0.0,0.0,0.0,1.0
0.02156581811678105,138.0,57.0,71.0,82.0,19.0,0.0,15.0,29.0,0.0,0.0,0.0,0.0,0.0,1.0,0.0,0.0,0.0,0.0,0.0,0.0,1.0
0.021547718676610882,105.0,80.0,69.0,78.0,28.0,0.0,11.0,14.0,0.0,0.0,0.0,1.0,0.0,0.0,0.0,0.0,0.0,0.0,0.0,1.0,0.0
0.021185284404666105,180.0,63.0,45.0,64.0,34.0,0.0,9.0,8.0,0.0,0.0,0.0,0.0,0.0,0.0,0.0,0.0,0.0,1.0,0.0,0.0,1.0
0.020939742537619342,86.0,28.0,13.0,41.0,50.0,0.0,19.0,3.0,1.0,0.0,0.0,0.0,0.0,0.0,0.0,0.0,0.0,0.0,0.0,0.0,1.0
0.020765663705202282,119.0,51.0,51.0,66.0,67.0,0.0,9.0,23.0,0.0,0.0,0.0,0.0,0.0,0.0,0.0,0.0,0.0,1.0,0.0,0.0,1.0
0.02063440627316177,92.0,80.0,81.0,67.0,4.0,0.0,8.0,6.0,0.0,0.0,0.0,1.0,0.0,0.0,0.0,0.0,0.0,0.0,0.0,1.0,0.0
0.020089754596090657,108.0,84.0,55.0,47.0,26.0,0.0,20.0,64.0,1.0,0.0,0.0,0.0,0.0,0.0,0.0,0.0,0.0,0.0,0.0,0.0,1.0
0.02004764560854215,98.0,76.0,79.0,81.0,18.0,0.0,6.0,34.0,0.0,0.0,0.0,0.0,0.0,0.0,0.0,0.0,0.0,0.0,1.0,0.0,1.0
0.0199556842842433,114.0,62.0,25.0,44.0,51.0,33.0,14.0,3.0,0.0,0.0,0.0,0.0,1.0,0.0,0.0,0.0,0.0,0.0,0.0,0.0,1.0
0.019933020405540142,145.0,41.0,65.0,88.0,0.0,0.0,26.0,5.0,0.0,0.0,0.0,0.0,0.0,0.0,0.0,0.0,0.0,0.0,1.0,1.0,0.0
0.019930823097574074,135.0,80.0,85.0,74.0,62.0,0.0,8.0,9.0,0.0,0.0,0.0,0.0,0.0,0.0,0.0,1.0,0.0,0.0,0.0,0.0,1.0
0.019678148400593006,120.0,78.0,5.0,30.0,21.0,0.0,13.0,5.0,1.0,0.0,0.0,0.0,0.0,0.0,0.0,0.0,0.0,0.0,0.0,1.0,0.0
0.019667697994924033,128.0,82.0,61.0,59.0,30.0,0.0,12.0,4.0,0.0,0.0,0.0,0.0,0.0,0.0,1.0,0.0,0.0,0.0,0.0,0.0,1.0
0.01933812958916667,108.0,65.0,52.0,69.0,31.0,0.0,8.0,36.0,0.0,0.0,1.0,0.0,0.0,0.0,0.0,0.0,0.0,0.0,0.0,1.0,0.0
0.019259904246640883,106.0,67.0,24.0,78.0,15.0,0.0,30.0,4.0,0.0,0.0,0.0,0.0,0.0,0.0,0.0,1.0,0.0,0.0,0.0,1.0,0.0
0.019147632981375645,92.0,71.0,41.0,31.0,79.0,0.0,10.0,5.0,0.0,1.0,0.0,0.0,0.0,0.0,0.0,0.0,0.0,0.0,0.0,0.0,1.0
0.018957648648372318,90.0,53.0,47.0,74.0,9.0,0.0,34.0,4.0,0.0,0.0,0.0,0.0,1.0,0.0,0.0,0.0,0.0,0.0,0.0,1.0,0.0
0.018825789118019694,100.0,72.0,42.0,66.0,18.0,4.0,19.0,4.0,1.0,0.0,0.0,0.0,0.0,0.0,0.0,0.0,0.0,0.0,0.0,1.0,0.0
0.01877865787266218,128.0,78.0,59.0,65.0,10.0,0.0,26.0,5.0,0.0,0.0,1.0,0.0,0.0,0.0,0.0,0.0,0.0,0.0,0.0,1.0,0.0
0.018446711389095857,105.0,73.0,59.0,81.0,13.0,0.0,9.0,6.0,0.0,0.0,0.0,1.0,0.0,0.0,0.0,0.0,0.0,0.0,0.0,0.0,1.0
0.01838386748303106,105.0,89.0,67.0,78.0,9.0,0.0,7.0,33.0,0.0,0.0,0.0,0.0,0.0,0.0,0.0,1.0,0.0,0.0,0.0,0.0,1.0
0.01834646216047839,150.0,43.0,42.0,44.0,57.0,0.0,15.0,6.0,0.0,0.0,0.0,0.0,0.0,0.0,0.0,1.0,0.0,0.0,0.0,1.0,0.0
0.01818510402330996,117.0,92.0,62.0,86.0,11.0,0.0,24.0,24.0,0.0,0.0,0.0,1.0,0.0,0.0,0.0,0.0,0.0,0.0,0.0,1.0,0.0
0.01816450917335206,140.0,89.0,75.0,70.0,6.0,0.0,13.0,5.0,0.0,0.0,1.0,0.0,0.0,0.0,0.0,0.0,0.0,0.0,0.0,1.0,0.0
0.018113553130045437,100.0,56.0,53.0,55.0,53.0,0.0,12.0,4.0,0.0,0.0,0.0,0.0,0.0,0.0,1.0,0.0,0.0,0.0,0.0,1.0,0.0
0.01790878047654079,122.0,77.0,25.0,62.0,34.0,0.0,23.0,3.0,0.0,1.0,0.0,0.0,0.0,0.0,0.0,0.0,0.0,0.0,0.0,1.0,0.0
0.01740788661008828,160.0,72.0,78.0,68.0,28.0,0.0,11.0,12.0,0.0,0.0,0.0,0.0,0.0,0.0,0.0,1.0,0.0,0.0,0.0,1.0,0.0
0.017329505760585846,72.0,56.0,56.0,47.0,76.0,0.0,8.0,36.0,0.0,1.0,0.0,0.0,0.0,0.0,0.0,0.0,0.0,0.0,0.0,0.0,1.0
0.017190686310583417,122.0,81.0,74.0,71.0,14.0,0.0,56.0,4.0,0.0,0.0,0.0,0.0,0.0,0.0,0.0,0.0,1.0,0.0,0.0,0.0,1.0
0.017151505008533897,120.0,80.0,33.0,70.0,22.0,0.0,9.0,4.0,0.0,0.0,0.0,0.0,0.0,0.0,0.0,0.0,0.0,1.0,0.0,0.0,1.0
0.01703227410431737,148.0,68.0,29.0,73.0,0.0,0.0,7.0,7.0,0.0,0.0,0.0,1.0,0.0,0.0,0.0,0.0,0.0,0.0,0.0,1.0,0.0
0.016939531034657573,110.0,66.0,32.0,40.0,81.0,0.0,11.0,3.0,0.0,0.0,0.0,0.0,0.0,0.0,0.0,0.0,1.0,0.0,0.0,0.0,1.0
0.016529821519017704,148.0,50.0,49.0,76.0,12.0,0.0,12.0,3.0,0.0,0.0,0.0,0.0,0.0,0.0,1.0,0.0,0.0,0.0,0.0,1.0,0.0
0.016472697687267234,174.0,73.0,26.0,54.0,30.0,0.0,34.0,32.0,1.0,0.0,0.0,0.0,0.0,0.0,0.0,0.0,0.0,0.0,0.0,1.0,0.0
0.016412586381234332,96.0,48.0,50.0,80.0,40.0,0.0,37.0,20.0,0.0,0.0,0.0,0.0,0.0,0.0,0.0,0.0,1.0,0.0,0.0,0.0,1.0
0.01635135873721203,150.0,78.0,52.0,82.0,18.0,0.0,15.0,7.0,0.0,0.0,0.0,0.0,0.0,0.0,0.0,1.0,0.0,0.0,0.0,0.0,1.0
0.016321668694009812,100.0,67.0,26.0,71.0,37.0,0.0,11.0,4.0,0.0,0.0,0.0,0.0,0.0,0.0,0.0,1.0,0.0,0.0,0.0,1.0,0.0
0.01629512387765478,129.0,63.0,84.0,82.0,70.0,8.0,9.0,7.0,1.0,0.0,0.0,0.0,0.0,0.0,0.0,0.0,0.0,0.0,0.0,1.0,0.0
0.01626457714258843,93.0,79.0,58.0,62.0,11.0,0.0,11.0,23.0,0.0,0.0,0.0,0.0,0.0,0.0,0.0,0.0,0.0,0.0,1.0,1.0,0.0
0.016245055403048807,130.0,67.0,96.0,88.0,12.0,19.0,8.0,4.0,0.0,0.0,0.0,0.0,0.0,0.0,0.0,0.0,0.0,1.0,0.0,0.0,1.0
0.01608682424732417,170.0,62.0,55.0,80.0,15.0,0.0,37.0,7.0,0.0,0.0,0.0,0.0,0.0,0.0,0.0,0.0,0.0,0.0,1.0,0.0,1.0
0.01603958914351655,81.0,47.0,33.0,68.0,24.0,0.0,22.0,38.0,0.0,0.0,0.0,0.0,0.0,0.0,0.0,0.0,0.0,0.0,1.0,1.0,0.0
0.016024040691439843,126.0,78.0,20.0,70.0,1.0,0.0,16.0,4.0,0.0,0.0,0.0,1.0,0.0,0.0,0.0,0.0,0.0,0.0,0.0,1.0,0.0
0.015962742592090573,150.0,79.0,77.0,46.0,5.0,0.0,11.0,7.0,0.0,0.0,0.0,1.0,0.0,0.0,0.0,0.0,0.0,0.0,0.0,1.0,0.0
0.015868030141657916,142.0,49.0,48.0,67.0,10.0,0.0,26.0,3.0,0.0,0.0,0.0,0.0,1.0,0.0,0.0,0.0,0.0,0.0,0.0,1.0,0.0
0.015674087959609936,128.0,75.0,79.0,63.0,33.0,0.0,15.0,4.0,1.0,0.0,0.0,0.0,0.0,0.0,0.0,0.0,0.0,0.0,0.0,0.0,1.0
0.01542023713585602,115.0,90.0,74.0,54.0,16.0,0.0,13.0,28.0,0.0,0.0,0.0,0.0,0.0,0.0,0.0,1.0,0.0,0.0,0.0,0.0,1.0
0.015348547577525679,80.0,47.0,33.0,83.0,18.0,0.0,10.0,5.0,0.0,0.0,1.0,0.0,0.0,0.0,0.0,0.0,0.0,0.0,0.0,1.0,0.0
0.015231638892113864,130.0,77.0,84.0,89.0,17.0,0.0,43.0,5.0,0.0,0.0,0.0,1.0,0.0,0.0,0.0,0.0,0.0,0.0,0.0,0.0,1.0
0.015220279023260163,110.0,76.0,96.0,72.0,32.0,0.0,9.0,4.0,0.0,0.0,0.0,0.0,0.0,0.0,0.0,0.0,0.0,1.0,0.0,0.0,1.0
0.015153408777713344,93.0,78.0,75.0,62.0,6.0,0.0,15.0,6.0,0.0,0.0,0.0,0.0,1.0,0.0,0.0,0.0,0.0,0.0,0.0,1.0,0.0
0.01513828530318654,78.0,27.0,10.0,49.0,62.0,0.0,49.0,5.0,1.0,0.0,0.0,0.0,0.0,0.0,0.0,0.0,0.0,0.0,0.0,0.0,1.0
0.015131441873419966,118.0,68.0,24.0,58.0,44.0,0.0,6.0,3.0,0.0,0.0,0.0,0.0,0.0,0.0,0.0,0.0,0.0,0.0,1.0,1.0,0.0
0.015080929614463667,105.0,83.0,32.0,82.0,14.0,0.0,12.0,4.0,0.0,0.0,0.0,0.0,1.0,0.0,0.0,0.0,0.0,0.0,0.0,1.0,0.0
0.015045632618448187,92.0,66.0,29.0,65.0,23.0,0.0,8.0,7.0,0.0,0.0,0.0,0.0,0.0,0.0,1.0,0.0,0.0,0.0,0.0,0.0,1.0
0.014798491331269762,106.0,73.0,22.0,86.0,31.0,0.0,12.0,4.0,0.0,0.0,0.0,0.0,0.0,0.0,0.0,0.0,0.0,1.0,0.0,1.0,0.0
0.014678147457445999,168.0,56.0,63.0,87.0,39.0,0.0,11.0,5.0,0.0,0.0,0.0,0.0,0.0,0.0,0.0,0.0,1.0,0.0,0.0,1.0,0.0
0.0146335113411777,123.0,69.0,82.0,76.0,6.0,0.0,6.0,3.0,0.0,0.0,0.0,0.0,0.0,0.0,0.0,0.0,1.0,0.0,0.0,1.0,0.0
0.01459155561501773,84.0,43.0,14.0,74.0,1.0,0.0,19.0,8.0,1.0,0.0,0.0,0.0,0.0,0.0,0.0,0.0,0.0,0.0,0.0,0.0,1.0
0.014494968940608395,116.0,61.0,48.0,55.0,67.0,0.0,16.0,8.0,0.0,0.0,0.0,0.0,1.0,0.0,0.0,0.0,0.0,0.0,0.0,1.0,0.0
0.014272077198037613,178.0,62.0,56.0,66.0,18.0,0.0,12.0,5.0,0.0,0.0,0.0,1.0,0.0,0.0,0.0,0.0,0.0,0.0,0.0,0.0,1.0
0.01424372552534922,89.0,65.0,60.0,60.0,11.0,0.0,10.0,40.0,0.0,0.0,0.0,1.0,0.0,0.0,0.0,0.0,0.0,0.0,0.0,1.0,0.0
0.013827264649055301,128.0,45.0,35.0,68.0,78.0,0.0,39.0,8.0,0.0,0.0,1.0,0.0,0.0,0.0,0.0,0.0,0.0,0.0,0.0,1.0,0.0
0.013460508742791978,90.0,74.0,36.0,63.0,26.0,0.0,27.0,5.0,0.0,0.0,0.0,0.0,0.0,0.0,1.0,0.0,0.0,0.0,0.0,0.0,1.0
0.013218424239339756,92.0,81.0,48.0,70.0,13.0,0.0,15.0,7.0,0.0,1.0,0.0,0.0,0.0,0.0,0.0,0.0,0.0,0.0,0.0,1.0,0.0
0.012951432233963531,90.0,62.0,7.0,62.0,6.0,0.0,58.0,6.0,0.0,0.0,0.0,0.0,0.0,0.0,0.0,0.0,0.0,0.0,1.0,1.0,0.0
0.012929788975056571,134.0,76.0,61.0,58.0,6.0,0.0,16.0,3.0,0.0,0.0,1.0,0.0,0.0,0.0,0.0,0.0,0.0,0.0,0.0,1.0,0.0
0.012309995428633827,98.0,68.0,40.0,79.0,33.0,0.0,30.0,6.0,0.0,0.0,0.0,1.0,0.0,0.0,0.0,0.0,0.0,0.0,0.0,1.0,0.0
0.012215950759965514,98.0,73.0,45.0,62.0,28.0,0.0,13.0,13.0,0.0,1.0,0.0,0.0,0.0,0.0,0.0,0.0,0.0,0.0,0.0,0.0,1.0
0.011924861348576128,170.0,37.0,14.0,24.0,80.0,0.0,11.0,4.0,0.0,0.0,0.0,1.0,0.0,0.0,0.0,0.0,0.0,0.0,0.0,0.0,1.0
0.011767360008987381,94.0,46.0,55.0,50.0,71.0,0.0,10.0,11.0,0.0,0.0,0.0,0.0,0.0,0.0,0.0,1.0,0.0,0.0,0.0,0.0,1.0
0.011566834885393637,104.0,44.0,74.0,42.0,88.0,0.0,9.0,9.0,0.0,0.0,0.0,0.0,0.0,0.0,0.0,0.0,0.0,1.0,0.0,1.0,0.0
0.011197267783514554,176.0,50.0,44.0,76.0,10.0,0.0,32.0,5.0,0.0,0.0,0.0,0.0,0.0,0.0,0.0,0.0,1.0,0.0,0.0,0.0,1.0
0.01114550781966439,130.0,63.0,36.0,34.0,76.0,0.0,35.0,9.0,0.0,0.0,0.0,0.0,0.0,0.0,0.0,1.0,0.0,0.0,0.0,1.0,0.0
0.011133480730443374,81.0,59.0,26.0,60.0,46.0,1.0,25.0,13.0,0.0,0.0,0.0,0.0,0.0,0.0,0.0,0.0,1.0,0.0,0.0,1.0,0.0
0.011108760454428079,82.0,51.0,22.0,53.0,1.0,0.0,15.0,3.0,0.0,0.0,0.0,0.0,0.0,0.0,0.0,0.0,0.0,0.0,1.0,1.0,0.0
0.011010726779180077,142.0,50.0,20.0,64.0,1.0,0.0,12.0,3.0,0.0,0.0,0.0,0.0,1.0,0.0,0.0,0.0,0.0,0.0,0.0,1.0,0.0
0.010962904734780088,116.0,77.0,79.0,62.0,33.0,1.0,15.0,3.0,0.0,0.0,1.0,0.0,0.0,0.0,0.0,0.0,0.0,0.0,0.0,1.0,0.0
0.010781403672260987,88.0,53.0,34.0,47.0,9.0,0.0,83.0,4.0,0.0,0.0,0.0,1.0,0.0,0.0,0.0,0.0,0.0,0.0,0.0,0.0,1.0
0.010603505936563604,78.0,43.0,60.0,38.0,76.0,1.0,48.0,38.0,0.0,0.0,0.0,0.0,0.0,0.0,0.0,0.0,0.0,1.0,0.0,1.0,0.0
0.010420630012723883,135.0,77.0,28.0,55.0,18.0,0.0,22.0,15.0,1.0,0.0,0.0,0.0,0.0,0.0,0.0,0.0,0.0,0.0,0.0,0.0,1.0
0.010410774968602692,118.0,66.0,83.0,43.0,84.0,0.0,19.0,19.0,0.0,0.0,0.0,0.0,0.0,0.0,0.0,1.0,0.0,0.0,0.0,0.0,1.0
0.010360402778204781,121.0,65.0,49.0,78.0,0.0,0.0,17.0,4.0,0.0,0.0,0.0,0.0,0.0,0.0,0.0,0.0,0.0,1.0,0.0,1.0,0.0
0.009683945184197183,145.0,54.0,19.0,48.0,36.0,0.0,37.0,5.0,0.0,0.0,1.0,0.0,0.0,0.0,0.0,0.0,0.0,0.0,0.0,0.0,1.0
0.009369349237166195,140.0,49.0,50.0,37.0,87.0,0.0,11.0,35.0,0.0,0.0,0.0,0.0,0.0,0.0,0.0,0.0,0.0,0.0,1.0,0.0,1.0
0.009195382122757629,101.0,92.0,59.0,51.0,41.0,51.0,26.0,8.0,0.0,0.0,0.0,0.0,0.0,0.0,0.0,1.0,0.0,0.0,0.0,1.0,0.0
0.008970228792261118,108.0,46.0,23.0,48.0,75.0,30.0,14.0,4.0,1.0,0.0,0.0,0.0,0.0,0.0,0.0,0.0,0.0,0.0,0.0,0.0,1.0
0.008946081141213985,128.0,81.0,90.0,77.0,1.0,0.0,9.0,5.0,1.0,0.0,0.0,0.0,0.0,0.0,0.0,0.0,0.0,0.0,0.0,0.0,1.0
0.00851651753899415,146.0,50.0,67.0,89.0,0.0,0.0,19.0,8.0,0.0,0.0,1.0,0.0,0.0,0.0,0.0,0.0,0.0,0.0,0.0,0.0,1.0
0.00829729592949137,134.0,81.0,53.0,72.0,51.0,0.0,12.0,5.0,0.0,0.0,0.0,0.0,0.0,0.0,1.0,0.0,0.0,0.0,0.0,0.0,1.0
0.007009853389122755,143.0,83.0,25.0,69.0,4.0,0.0,23.0,12.0,0.0,0.0,1.0,0.0,0.0,0.0,0.0,0.0,0.0,0.0,0.0,1.0,0.0
0.006337723043403978,126.0,74.0,35.0,84.0,0.0,0.0,11.0,6.0,0.0,0.0,0.0,0.0,0.0,0.0,0.0,1.0,0.0,0.0,0.0,0.0,1.0
0.004148068041616164,140.0,56.0,48.0,73.0,0.0,0.0,35.0,4.0,0.0,0.0,0.0,1.0,0.0,0.0,0.0,0.0,0.0,0.0,0.0,1.0,0.0
0.0033554360695088655,133.0,93.0,68.0,65.0,42.0,0.0,12.0,25.0,0.0,0.0,1.0,0.0,0.0,0.0,0.0,0.0,0.0,0.0,0.0,0.0,1.0
0.00038242983057569914,105.0,82.0,62.0,74.0,10.0,0.0,33.0,7.0,0.0,0.0,0.0,0.0,0.0,0.0,0.0,0.0,0.0,1.0,0.0,1.0,0.0
0.0,162.0,49.0,78.0,64.0,19.0,0.0,11.0,4.0,0.0,1.0,0.0,0.0,0.0,0.0,0.0,0.0,0.0,0.0,0.0,1.0,0.0
,110.0,53.0,75.0,69.0,7.0,0.0,17.0,3.0,1.0,0.0,0.0,0.0,0.0,0.0,0.0,0.0,0.0,0.0,0.0,1.0,0.0
